run_id,split,dimension,value,n,tn,fp,fn,tp,threshold,recall,accuracy,precision,f1,fpr,specificity,balanced_accuracy,auroc,auprc,mcc
if_no_volume_timing,test,source_name,CTU_Normal_Benign,9,5,4,0,0,0.7367918405322218,,,,,0.4444444444444444,0.5555555555555556,,,,
if_no_volume_timing,test,source_name,Itamar,379,0,0,6,373,0.7367918405322218,0.9841688654353562,,,,,,,,,
if_no_volume_timing,test,source_name,Nitsan,1546,1169,1,0,376,0.7367918405322218,1.0,0.999353169469599,0.9973474801061007,0.99867197875166,0.0008547008547008547,0.9991452991452991,0.9995726495726496,0.9999749954537188,0.9999213509852446,0.9982459848967189
if_no_volume_timing,test,source_name,dns-tunnel-dataset-master - origin - Rotem,405,0,0,1,404,0.7367918405322218,0.9975308641975309,,,,,,,,,
if_no_volume_timing,test,evaluation_subset,ctu_benign,9,5,4,0,0,0.7367918405322218,,,,,0.4444444444444444,0.5555555555555556,,,,
if_no_volume_timing,test,evaluation_subset,standard_benign,1170,1169,1,0,0,0.7367918405322218,,,,,0.0008547008547008547,0.9991452991452991,,,,
if_no_volume_timing,test,evaluation_subset,standard_itamar,379,0,0,6,373,0.7367918405322218,0.9841688654353562,,,,,,,,,
if_no_volume_timing,test,evaluation_subset,standard_rotem,405,0,0,1,404,0.7367918405322218,0.9975308641975309,,,,,,,,,
if_no_volume_timing,test,evaluation_subset,standard_tunnel,376,0,0,0,376,0.7367918405322218,1.0,,,,,,,,,
if_no_volume_timing,test,tool_label,RogueRobin_NET,47,0,0,0,47,0.7367918405322218,1.0,,,,,,,,,
if_no_volume_timing,test,tool_label,RogueRobin_PS,269,0,0,0,269,0.7367918405322218,1.0,,,,,,,,,
if_no_volume_timing,test,tool_label,Saitama,14,0,0,6,8,0.7367918405322218,0.5714285714285714,,,,,,,,,
if_no_volume_timing,test,tool_label,Symbiote,1,0,0,0,1,0.7367918405322218,1.0,,,,,,,,,
if_no_volume_timing,test,tool_label,benign,1179,1174,5,0,0,0.7367918405322218,,,,,0.004240882103477523,0.9957591178965225,,,,
if_no_volume_timing,test,tool_label,dns2tcp,126,0,0,1,125,0.7367918405322218,0.9920634920634921,,,,,,,,,
if_no_volume_timing,test,tool_label,dnscat2,77,0,0,0,77,0.7367918405322218,1.0,,,,,,,,,
if_no_volume_timing,test,tool_label,dnspot,118,0,0,0,118,0.7367918405322218,1.0,,,,,,,,,
if_no_volume_timing,test,tool_label,iodine,382,0,0,0,382,0.7367918405322218,1.0,,,,,,,,,
if_no_volume_timing,test,tool_label,unknown,126,0,0,0,126,0.7367918405322218,1.0,,,,,,,,,
if_no_volume_timing,external_test,source_name,Itamar,238,0,0,46,192,0.7367918405322218,0.8067226890756303,,,,,,,,,
if_no_volume_timing,external_test,source_name,Nitsan,7309,0,0,16,7293,0.7367918405322218,0.9978109180462443,,,,,,,,,
if_no_volume_timing,external_test,evaluation_subset,cross_endpoint,834,0,0,0,834,0.7367918405322218,1.0,,,,,,,,,
if_no_volume_timing,external_test,evaluation_subset,itamar_validation,238,0,0,46,192,0.7367918405322218,0.8067226890756303,,,,,,,,,
if_no_volume_timing,external_test,evaluation_subset,unknown_tool,3777,0,0,16,3761,0.7367918405322218,0.995763833730474,,,,,,,,,
if_no_volume_timing,external_test,evaluation_subset,wildcard,2698,0,0,0,2698,0.7367918405322218,1.0,,,,,,,,,
if_no_volume_timing,external_test,tool_label,AndIodine,834,0,0,0,834,0.7367918405322218,1.0,,,,,,,,,
if_no_volume_timing,external_test,tool_label,RogueRobin_NET,23,0,0,14,9,0.7367918405322218,0.391304347826087,,,,,,,,,
if_no_volume_timing,external_test,tool_label,RogueRobin_PS,27,0,0,0,27,0.7367918405322218,1.0,,,,,,,,,
if_no_volume_timing,external_test,tool_label,Saitama,3,0,0,0,3,0.7367918405322218,1.0,,,,,,,,,
if_no_volume_timing,external_test,tool_label,Symbiote,42,0,0,0,42,0.7367918405322218,1.0,,,,,,,,,
if_no_volume_timing,external_test,tool_label,dnscat2,79,0,0,0,79,0.7367918405322218,1.0,,,,,,,,,
if_no_volume_timing,external_test,tool_label,iodine,64,0,0,32,32,0.7367918405322218,0.5,,,,,,,,,
if_no_volume_timing,external_test,tool_label,unknown,3777,0,0,16,3761,0.7367918405322218,0.995763833730474,,,,,,,,,
if_no_volume_timing,external_test,tool_label,wildcard_simulation,2698,0,0,0,2698,0.7367918405322218,1.0,,,,,,,,,
