run_id,split,dimension,value,n,tn,fp,fn,tp,threshold,recall,accuracy,precision,f1,fpr,specificity,balanced_accuracy,auroc,auprc,mcc,display_value
rf_base,test,source_name,CTU_Normal_Benign,9,9,0,0,0,0.8503957584128824,,,,,0.0,1.0,,,,,CTU Normal
rf_base,test,source_name,Itamar,379,0,0,4,375,0.8503957584128824,0.9894459102902374,,,,,,,,,,Domainator
rf_base,test,source_name,Nitsan,1546,1170,0,0,376,0.8503957584128824,1.0,1.0,1.0,1.0,0.0,1.0,1.0,1.0,1.0,1.0,GraphTunnel
rf_base,test,source_name,dns-tunnel-dataset-master - origin - Rotem,405,0,0,0,405,0.8503957584128824,1.0,,,,,,,,,,DACA
rf_base,test,evaluation_subset,ctu_benign,9,9,0,0,0,0.8503957584128824,,,,,0.0,1.0,,,,,ctu_benign
rf_base,test,evaluation_subset,standard_benign,1170,1170,0,0,0,0.8503957584128824,,,,,0.0,1.0,,,,,standard_benign
rf_base,test,evaluation_subset,standard_itamar,379,0,0,4,375,0.8503957584128824,0.9894459102902374,,,,,,,,,,standard_itamar
rf_base,test,evaluation_subset,standard_rotem,405,0,0,0,405,0.8503957584128824,1.0,,,,,,,,,,standard_rotem
rf_base,test,evaluation_subset,standard_tunnel,376,0,0,0,376,0.8503957584128824,1.0,,,,,,,,,,standard_tunnel
rf_base,test,tool_label,RogueRobin_NET,47,0,0,0,47,0.8503957584128824,1.0,,,,,,,,,,RogueRobin_NET
rf_base,test,tool_label,RogueRobin_PS,269,0,0,0,269,0.8503957584128824,1.0,,,,,,,,,,RogueRobin_PS
rf_base,test,tool_label,Saitama,14,0,0,4,10,0.8503957584128824,0.7142857142857143,,,,,,,,,,Saitama
rf_base,test,tool_label,Symbiote,1,0,0,0,1,0.8503957584128824,1.0,,,,,,,,,,Symbiote
rf_base,test,tool_label,benign,1179,1179,0,0,0,0.8503957584128824,,,,,0.0,1.0,,,,,benign
rf_base,test,tool_label,dns2tcp,126,0,0,0,126,0.8503957584128824,1.0,,,,,,,,,,dns2tcp
rf_base,test,tool_label,dnscat2,77,0,0,0,77,0.8503957584128824,1.0,,,,,,,,,,dnscat2
rf_base,test,tool_label,dnspot,118,0,0,0,118,0.8503957584128824,1.0,,,,,,,,,,dnspot
rf_base,test,tool_label,iodine,382,0,0,0,382,0.8503957584128824,1.0,,,,,,,,,,iodine
rf_base,test,tool_label,unknown,126,0,0,0,126,0.8503957584128824,1.0,,,,,,,,,,unknown
rf_base,external_test,source_name,Itamar,238,0,0,8,230,0.8503957584128824,0.9663865546218487,,,,,,,,,,Domainator
rf_base,external_test,source_name,Nitsan,7309,0,0,1,7308,0.8503957584128824,0.9998631823778904,,,,,,,,,,GraphTunnel
rf_base,external_test,evaluation_subset,cross_endpoint,834,0,0,0,834,0.8503957584128824,1.0,,,,,,,,,,cross_endpoint
rf_base,external_test,evaluation_subset,itamar_validation,238,0,0,8,230,0.8503957584128824,0.9663865546218487,,,,,,,,,,itamar_validation
rf_base,external_test,evaluation_subset,unknown_tool,3777,0,0,0,3777,0.8503957584128824,1.0,,,,,,,,,,unknown_tool
rf_base,external_test,evaluation_subset,wildcard,2698,0,0,1,2697,0.8503957584128824,0.9996293550778356,,,,,,,,,,wildcard
rf_base,external_test,tool_label,AndIodine,834,0,0,0,834,0.8503957584128824,1.0,,,,,,,,,,AndIodine
rf_base,external_test,tool_label,RogueRobin_NET,23,0,0,8,15,0.8503957584128824,0.6521739130434783,,,,,,,,,,RogueRobin_NET
rf_base,external_test,tool_label,RogueRobin_PS,27,0,0,0,27,0.8503957584128824,1.0,,,,,,,,,,RogueRobin_PS
rf_base,external_test,tool_label,Saitama,3,0,0,0,3,0.8503957584128824,1.0,,,,,,,,,,Saitama
rf_base,external_test,tool_label,Symbiote,42,0,0,0,42,0.8503957584128824,1.0,,,,,,,,,,Symbiote
rf_base,external_test,tool_label,dnscat2,79,0,0,0,79,0.8503957584128824,1.0,,,,,,,,,,dnscat2
rf_base,external_test,tool_label,iodine,64,0,0,0,64,0.8503957584128824,1.0,,,,,,,,,,iodine
rf_base,external_test,tool_label,unknown,3777,0,0,0,3777,0.8503957584128824,1.0,,,,,,,,,,unknown
rf_base,external_test,tool_label,wildcard_simulation,2698,0,0,1,2697,0.8503957584128824,0.9996293550778356,,,,,,,,,,wildcard_simulation
if_base,test,source_name,CTU_Normal_Benign,9,0,9,0,0,0.7055694556563349,,,,,1.0,0.0,,,,,CTU Normal
if_base,test,source_name,Itamar,379,0,0,2,377,0.7055694556563349,0.9947229551451188,,,,,,,,,,Domainator
if_base,test,source_name,Nitsan,1546,1169,1,0,376,0.7055694556563349,1.0,0.999353169469599,0.9973474801061007,0.99867197875166,0.0008547008547008,0.9991452991452991,0.9995726495726496,0.9997408619749044,0.9990457451791857,0.9982459848967188,GraphTunnel
if_base,test,source_name,dns-tunnel-dataset-master - origin - Rotem,405,0,0,0,405,0.7055694556563349,1.0,,,,,,,,,,DACA
if_base,test,evaluation_subset,ctu_benign,9,0,9,0,0,0.7055694556563349,,,,,1.0,0.0,,,,,ctu_benign
if_base,test,evaluation_subset,standard_benign,1170,1169,1,0,0,0.7055694556563349,,,,,0.0008547008547008,0.9991452991452991,,,,,standard_benign
if_base,test,evaluation_subset,standard_itamar,379,0,0,2,377,0.7055694556563349,0.9947229551451188,,,,,,,,,,standard_itamar
if_base,test,evaluation_subset,standard_rotem,405,0,0,0,405,0.7055694556563349,1.0,,,,,,,,,,standard_rotem
if_base,test,evaluation_subset,standard_tunnel,376,0,0,0,376,0.7055694556563349,1.0,,,,,,,,,,standard_tunnel
if_base,test,tool_label,RogueRobin_NET,47,0,0,0,47,0.7055694556563349,1.0,,,,,,,,,,RogueRobin_NET
if_base,test,tool_label,RogueRobin_PS,269,0,0,0,269,0.7055694556563349,1.0,,,,,,,,,,RogueRobin_PS
if_base,test,tool_label,Saitama,14,0,0,1,13,0.7055694556563349,0.9285714285714286,,,,,,,,,,Saitama
if_base,test,tool_label,Symbiote,1,0,0,1,0,0.7055694556563349,0.0,,,,,,,,,,Symbiote
if_base,test,tool_label,benign,1179,1169,10,0,0,0.7055694556563349,,,,,0.008481764206955,0.991518235793045,,,,,benign
if_base,test,tool_label,dns2tcp,126,0,0,0,126,0.7055694556563349,1.0,,,,,,,,,,dns2tcp
if_base,test,tool_label,dnscat2,77,0,0,0,77,0.7055694556563349,1.0,,,,,,,,,,dnscat2
if_base,test,tool_label,dnspot,118,0,0,0,118,0.7055694556563349,1.0,,,,,,,,,,dnspot
if_base,test,tool_label,iodine,382,0,0,0,382,0.7055694556563349,1.0,,,,,,,,,,iodine
if_base,test,tool_label,unknown,126,0,0,0,126,0.7055694556563349,1.0,,,,,,,,,,unknown
if_base,external_test,source_name,Itamar,238,0,0,17,221,0.7055694556563349,0.9285714285714286,,,,,,,,,,Domainator
if_base,external_test,source_name,Nitsan,7309,0,0,0,7309,0.7055694556563349,1.0,,,,,,,,,,GraphTunnel
if_base,external_test,evaluation_subset,cross_endpoint,834,0,0,0,834,0.7055694556563349,1.0,,,,,,,,,,cross_endpoint
if_base,external_test,evaluation_subset,itamar_validation,238,0,0,17,221,0.7055694556563349,0.9285714285714286,,,,,,,,,,itamar_validation
if_base,external_test,evaluation_subset,unknown_tool,3777,0,0,0,3777,0.7055694556563349,1.0,,,,,,,,,,unknown_tool
if_base,external_test,evaluation_subset,wildcard,2698,0,0,0,2698,0.7055694556563349,1.0,,,,,,,,,,wildcard
if_base,external_test,tool_label,AndIodine,834,0,0,0,834,0.7055694556563349,1.0,,,,,,,,,,AndIodine
if_base,external_test,tool_label,RogueRobin_NET,23,0,0,0,23,0.7055694556563349,1.0,,,,,,,,,,RogueRobin_NET
if_base,external_test,tool_label,RogueRobin_PS,27,0,0,0,27,0.7055694556563349,1.0,,,,,,,,,,RogueRobin_PS
if_base,external_test,tool_label,Saitama,3,0,0,0,3,0.7055694556563349,1.0,,,,,,,,,,Saitama
if_base,external_test,tool_label,Symbiote,42,0,0,0,42,0.7055694556563349,1.0,,,,,,,,,,Symbiote
if_base,external_test,tool_label,dnscat2,79,0,0,0,79,0.7055694556563349,1.0,,,,,,,,,,dnscat2
if_base,external_test,tool_label,iodine,64,0,0,17,47,0.7055694556563349,0.734375,,,,,,,,,,iodine
if_base,external_test,tool_label,unknown,3777,0,0,0,3777,0.7055694556563349,1.0,,,,,,,,,,unknown
if_base,external_test,tool_label,wildcard_simulation,2698,0,0,0,2698,0.7055694556563349,1.0,,,,,,,,,,wildcard_simulation
bilstm_base,test,source_name,CTU_Normal_Benign,9,9,0,0,0,0.9839966893196106,,,,,0.0,1.0,,,,,CTU Normal
bilstm_base,test,source_name,Itamar,379,0,0,1,378,0.9839966893196106,0.9973614775725592,,,,,,,,,,Domainator
bilstm_base,test,source_name,Nitsan,1546,1170,0,9,367,0.9839966893196106,0.976063829787234,0.9941785252263908,1.0,0.9878869448183042,0.0,1.0,0.988031914893617,1.0,1.0,0.984181365835363,GraphTunnel
bilstm_base,test,source_name,dns-tunnel-dataset-master - origin - Rotem,405,0,0,3,402,0.9839966893196106,0.9925925925925926,,,,,,,,,,DACA
bilstm_base,test,evaluation_subset,ctu_benign,9,9,0,0,0,0.9839966893196106,,,,,0.0,1.0,,,,,ctu_benign
bilstm_base,test,evaluation_subset,standard_benign,1170,1170,0,0,0,0.9839966893196106,,,,,0.0,1.0,,,,,standard_benign
bilstm_base,test,evaluation_subset,standard_itamar,379,0,0,1,378,0.9839966893196106,0.9973614775725592,,,,,,,,,,standard_itamar
bilstm_base,test,evaluation_subset,standard_rotem,405,0,0,3,402,0.9839966893196106,0.9925925925925926,,,,,,,,,,standard_rotem
bilstm_base,test,evaluation_subset,standard_tunnel,376,0,0,9,367,0.9839966893196106,0.976063829787234,,,,,,,,,,standard_tunnel
bilstm_base,test,tool_label,RogueRobin_NET,47,0,0,0,47,0.9839966893196106,1.0,,,,,,,,,,RogueRobin_NET
bilstm_base,test,tool_label,RogueRobin_PS,269,0,0,1,268,0.9839966893196106,0.9962825278810408,,,,,,,,,,RogueRobin_PS
bilstm_base,test,tool_label,Saitama,14,0,0,0,14,0.9839966893196106,1.0,,,,,,,,,,Saitama
bilstm_base,test,tool_label,Symbiote,1,0,0,0,1,0.9839966893196106,1.0,,,,,,,,,,Symbiote
bilstm_base,test,tool_label,benign,1179,1179,0,0,0,0.9839966893196106,,,,,0.0,1.0,,,,,benign
bilstm_base,test,tool_label,dns2tcp,126,0,0,2,124,0.9839966893196106,0.984126984126984,,,,,,,,,,dns2tcp
bilstm_base,test,tool_label,dnscat2,77,0,0,1,76,0.9839966893196106,0.987012987012987,,,,,,,,,,dnscat2
bilstm_base,test,tool_label,dnspot,118,0,0,0,118,0.9839966893196106,1.0,,,,,,,,,,dnspot
bilstm_base,test,tool_label,iodine,382,0,0,9,373,0.9839966893196106,0.9764397905759162,,,,,,,,,,iodine
bilstm_base,test,tool_label,unknown,126,0,0,0,126,0.9839966893196106,1.0,,,,,,,,,,unknown
bilstm_base,external_test,source_name,Itamar,238,0,0,33,205,0.9839966893196106,0.8613445378151261,,,,,,,,,,Domainator
bilstm_base,external_test,source_name,Nitsan,7309,0,0,35,7274,0.9839966893196106,0.9952113832261597,,,,,,,,,,GraphTunnel
bilstm_base,external_test,evaluation_subset,cross_endpoint,834,0,0,34,800,0.9839966893196106,0.9592326139088728,,,,,,,,,,cross_endpoint
bilstm_base,external_test,evaluation_subset,itamar_validation,238,0,0,33,205,0.9839966893196106,0.8613445378151261,,,,,,,,,,itamar_validation
bilstm_base,external_test,evaluation_subset,unknown_tool,3777,0,0,1,3776,0.9839966893196106,0.9997352396081546,,,,,,,,,,unknown_tool
bilstm_base,external_test,evaluation_subset,wildcard,2698,0,0,0,2698,0.9839966893196106,1.0,,,,,,,,,,wildcard
bilstm_base,external_test,tool_label,AndIodine,834,0,0,34,800,0.9839966893196106,0.9592326139088728,,,,,,,,,,AndIodine
bilstm_base,external_test,tool_label,RogueRobin_NET,23,0,0,15,8,0.9839966893196106,0.3478260869565217,,,,,,,,,,RogueRobin_NET
bilstm_base,external_test,tool_label,RogueRobin_PS,27,0,0,1,26,0.9839966893196106,0.9629629629629628,,,,,,,,,,RogueRobin_PS
bilstm_base,external_test,tool_label,Saitama,3,0,0,2,1,0.9839966893196106,0.3333333333333333,,,,,,,,,,Saitama
bilstm_base,external_test,tool_label,Symbiote,42,0,0,0,42,0.9839966893196106,1.0,,,,,,,,,,Symbiote
bilstm_base,external_test,tool_label,dnscat2,79,0,0,0,79,0.9839966893196106,1.0,,,,,,,,,,dnscat2
bilstm_base,external_test,tool_label,iodine,64,0,0,15,49,0.9839966893196106,0.765625,,,,,,,,,,iodine
bilstm_base,external_test,tool_label,unknown,3777,0,0,1,3776,0.9839966893196106,0.9997352396081546,,,,,,,,,,unknown
bilstm_base,external_test,tool_label,wildcard_simulation,2698,0,0,0,2698,0.9839966893196106,1.0,,,,,,,,,,wildcard_simulation
sage_base,test,source_name,CTU_Normal_Benign,9,1,8,0,0,0.7953194379806519,,,,,0.8888888888888888,0.1111111111111111,,,,,CTU Normal
sage_base,test,source_name,Itamar,379,0,0,0,379,0.7953194379806519,1.0,,,,,,,,,,Domainator
sage_base,test,source_name,Nitsan,1546,1170,0,79,297,0.7953194379806519,0.7898936170212766,0.9489003880983182,1.0,0.8826151560178306,0.0,1.0,0.8949468085106382,1.0,1.0,0.8601932174977074,GraphTunnel
sage_base,test,source_name,dns-tunnel-dataset-master - origin - Rotem,405,0,0,4,401,0.7953194379806519,0.9901234567901236,,,,,,,,,,DACA
sage_base,test,evaluation_subset,ctu_benign,9,1,8,0,0,0.7953194379806519,,,,,0.8888888888888888,0.1111111111111111,,,,,ctu_benign
sage_base,test,evaluation_subset,standard_benign,1170,1170,0,0,0,0.7953194379806519,,,,,0.0,1.0,,,,,standard_benign
sage_base,test,evaluation_subset,standard_itamar,379,0,0,0,379,0.7953194379806519,1.0,,,,,,,,,,standard_itamar
sage_base,test,evaluation_subset,standard_rotem,405,0,0,4,401,0.7953194379806519,0.9901234567901236,,,,,,,,,,standard_rotem
sage_base,test,evaluation_subset,standard_tunnel,376,0,0,79,297,0.7953194379806519,0.7898936170212766,,,,,,,,,,standard_tunnel
sage_base,test,tool_label,RogueRobin_NET,47,0,0,0,47,0.7953194379806519,1.0,,,,,,,,,,RogueRobin_NET
sage_base,test,tool_label,RogueRobin_PS,269,0,0,0,269,0.7953194379806519,1.0,,,,,,,,,,RogueRobin_PS
sage_base,test,tool_label,Saitama,14,0,0,0,14,0.7953194379806519,1.0,,,,,,,,,,Saitama
sage_base,test,tool_label,Symbiote,1,0,0,0,1,0.7953194379806519,1.0,,,,,,,,,,Symbiote
sage_base,test,tool_label,benign,1179,1171,8,0,0,0.7953194379806519,,,,,0.006785411365564,0.993214588634436,,,,,benign
sage_base,test,tool_label,dns2tcp,126,0,0,2,124,0.7953194379806519,0.984126984126984,,,,,,,,,,dns2tcp
sage_base,test,tool_label,dnscat2,77,0,0,2,75,0.7953194379806519,0.974025974025974,,,,,,,,,,dnscat2
sage_base,test,tool_label,dnspot,118,0,0,0,118,0.7953194379806519,1.0,,,,,,,,,,dnspot
sage_base,test,tool_label,iodine,382,0,0,79,303,0.7953194379806519,0.7931937172774869,,,,,,,,,,iodine
sage_base,test,tool_label,unknown,126,0,0,0,126,0.7953194379806519,1.0,,,,,,,,,,unknown
sage_base,external_test,source_name,Itamar,238,0,0,22,216,0.7953194379806519,0.907563025210084,,,,,,,,,,Domainator
sage_base,external_test,source_name,Nitsan,7309,0,0,10,7299,0.7953194379806519,0.9986318237789028,,,,,,,,,,GraphTunnel
sage_base,external_test,evaluation_subset,cross_endpoint,834,0,0,0,834,0.7953194379806519,1.0,,,,,,,,,,cross_endpoint
sage_base,external_test,evaluation_subset,itamar_validation,238,0,0,22,216,0.7953194379806519,0.907563025210084,,,,,,,,,,itamar_validation
sage_base,external_test,evaluation_subset,unknown_tool,3777,0,0,0,3777,0.7953194379806519,1.0,,,,,,,,,,unknown_tool
sage_base,external_test,evaluation_subset,wildcard,2698,0,0,10,2688,0.7953194379806519,0.9962935507783544,,,,,,,,,,wildcard
sage_base,external_test,tool_label,AndIodine,834,0,0,0,834,0.7953194379806519,1.0,,,,,,,,,,AndIodine
sage_base,external_test,tool_label,RogueRobin_NET,23,0,0,17,6,0.7953194379806519,0.2608695652173913,,,,,,,,,,RogueRobin_NET
sage_base,external_test,tool_label,RogueRobin_PS,27,0,0,2,25,0.7953194379806519,0.925925925925926,,,,,,,,,,RogueRobin_PS
sage_base,external_test,tool_label,Saitama,3,0,0,3,0,0.7953194379806519,0.0,,,,,,,,,,Saitama
sage_base,external_test,tool_label,Symbiote,42,0,0,0,42,0.7953194379806519,1.0,,,,,,,,,,Symbiote
sage_base,external_test,tool_label,dnscat2,79,0,0,0,79,0.7953194379806519,1.0,,,,,,,,,,dnscat2
sage_base,external_test,tool_label,iodine,64,0,0,0,64,0.7953194379806519,1.0,,,,,,,,,,iodine
sage_base,external_test,tool_label,unknown,3777,0,0,0,3777,0.7953194379806519,1.0,,,,,,,,,,unknown
sage_base,external_test,tool_label,wildcard_simulation,2698,0,0,10,2688,0.7953194379806519,0.9962935507783544,,,,,,,,,,wildcard_simulation
if_no_volume_timing,test,source_name,CTU_Normal_Benign,9,5,4,0,0,0.7367918405322218,,,,,0.4444444444444444,0.5555555555555556,,,,,CTU Normal
if_no_volume_timing,test,source_name,Itamar,379,0,0,6,373,0.7367918405322218,0.9841688654353562,,,,,,,,,,Domainator
if_no_volume_timing,test,source_name,Nitsan,1546,1169,1,0,376,0.7367918405322218,1.0,0.999353169469599,0.9973474801061007,0.99867197875166,0.0008547008547008,0.9991452991452991,0.9995726495726496,0.9999749954537188,0.9999213509852446,0.9982459848967188,GraphTunnel
if_no_volume_timing,test,source_name,dns-tunnel-dataset-master - origin - Rotem,405,0,0,1,404,0.7367918405322218,0.9975308641975308,,,,,,,,,,DACA
if_no_volume_timing,test,evaluation_subset,ctu_benign,9,5,4,0,0,0.7367918405322218,,,,,0.4444444444444444,0.5555555555555556,,,,,ctu_benign
if_no_volume_timing,test,evaluation_subset,standard_benign,1170,1169,1,0,0,0.7367918405322218,,,,,0.0008547008547008,0.9991452991452991,,,,,standard_benign
if_no_volume_timing,test,evaluation_subset,standard_itamar,379,0,0,6,373,0.7367918405322218,0.9841688654353562,,,,,,,,,,standard_itamar
if_no_volume_timing,test,evaluation_subset,standard_rotem,405,0,0,1,404,0.7367918405322218,0.9975308641975308,,,,,,,,,,standard_rotem
if_no_volume_timing,test,evaluation_subset,standard_tunnel,376,0,0,0,376,0.7367918405322218,1.0,,,,,,,,,,standard_tunnel
if_no_volume_timing,test,tool_label,RogueRobin_NET,47,0,0,0,47,0.7367918405322218,1.0,,,,,,,,,,RogueRobin_NET
if_no_volume_timing,test,tool_label,RogueRobin_PS,269,0,0,0,269,0.7367918405322218,1.0,,,,,,,,,,RogueRobin_PS
if_no_volume_timing,test,tool_label,Saitama,14,0,0,6,8,0.7367918405322218,0.5714285714285714,,,,,,,,,,Saitama
if_no_volume_timing,test,tool_label,Symbiote,1,0,0,0,1,0.7367918405322218,1.0,,,,,,,,,,Symbiote
if_no_volume_timing,test,tool_label,benign,1179,1174,5,0,0,0.7367918405322218,,,,,0.0042408821034775,0.9957591178965224,,,,,benign
if_no_volume_timing,test,tool_label,dns2tcp,126,0,0,1,125,0.7367918405322218,0.992063492063492,,,,,,,,,,dns2tcp
if_no_volume_timing,test,tool_label,dnscat2,77,0,0,0,77,0.7367918405322218,1.0,,,,,,,,,,dnscat2
if_no_volume_timing,test,tool_label,dnspot,118,0,0,0,118,0.7367918405322218,1.0,,,,,,,,,,dnspot
if_no_volume_timing,test,tool_label,iodine,382,0,0,0,382,0.7367918405322218,1.0,,,,,,,,,,iodine
if_no_volume_timing,test,tool_label,unknown,126,0,0,0,126,0.7367918405322218,1.0,,,,,,,,,,unknown
if_no_volume_timing,external_test,source_name,Itamar,238,0,0,46,192,0.7367918405322218,0.8067226890756303,,,,,,,,,,Domainator
if_no_volume_timing,external_test,source_name,Nitsan,7309,0,0,16,7293,0.7367918405322218,0.9978109180462444,,,,,,,,,,GraphTunnel
if_no_volume_timing,external_test,evaluation_subset,cross_endpoint,834,0,0,0,834,0.7367918405322218,1.0,,,,,,,,,,cross_endpoint
if_no_volume_timing,external_test,evaluation_subset,itamar_validation,238,0,0,46,192,0.7367918405322218,0.8067226890756303,,,,,,,,,,itamar_validation
if_no_volume_timing,external_test,evaluation_subset,unknown_tool,3777,0,0,16,3761,0.7367918405322218,0.995763833730474,,,,,,,,,,unknown_tool
if_no_volume_timing,external_test,evaluation_subset,wildcard,2698,0,0,0,2698,0.7367918405322218,1.0,,,,,,,,,,wildcard
if_no_volume_timing,external_test,tool_label,AndIodine,834,0,0,0,834,0.7367918405322218,1.0,,,,,,,,,,AndIodine
if_no_volume_timing,external_test,tool_label,RogueRobin_NET,23,0,0,14,9,0.7367918405322218,0.391304347826087,,,,,,,,,,RogueRobin_NET
if_no_volume_timing,external_test,tool_label,RogueRobin_PS,27,0,0,0,27,0.7367918405322218,1.0,,,,,,,,,,RogueRobin_PS
if_no_volume_timing,external_test,tool_label,Saitama,3,0,0,0,3,0.7367918405322218,1.0,,,,,,,,,,Saitama
if_no_volume_timing,external_test,tool_label,Symbiote,42,0,0,0,42,0.7367918405322218,1.0,,,,,,,,,,Symbiote
if_no_volume_timing,external_test,tool_label,dnscat2,79,0,0,0,79,0.7367918405322218,1.0,,,,,,,,,,dnscat2
if_no_volume_timing,external_test,tool_label,iodine,64,0,0,32,32,0.7367918405322218,0.5,,,,,,,,,,iodine
if_no_volume_timing,external_test,tool_label,unknown,3777,0,0,16,3761,0.7367918405322218,0.995763833730474,,,,,,,,,,unknown
if_no_volume_timing,external_test,tool_label,wildcard_simulation,2698,0,0,0,2698,0.7367918405322218,1.0,,,,,,,,,,wildcard_simulation
