run_id,split,level,inference_seconds_including_load,n,tn,fp,fn,tp,threshold,recall,accuracy,precision,f1,fpr,specificity,balanced_accuracy,auroc,auprc,mcc
rf_base,test,window,0.5935368000064045,2339,1179,0,4,1156,0.8503957584128824,0.996551724137931,0.9982898674647284,1.0,0.998272884283247,0.0,1.0,0.9982758620689656,1.0,1.0,0.9965852444299842
rf_base,test,recording,0.5935368000064045,26,11,0,0,15,0.8503957584128824,1.0,1.0,1.0,1.0,0.0,1.0,1.0,1.0,1.0,1.0
rf_base,external_test,window,0.7407073999638669,7547,0,0,9,7538,0.8503957584128824,0.9988074731681464,,,,,,,,,
rf_base,external_test,recording,0.7407073999638669,77,0,0,0,77,0.8503957584128824,1.0,,,,,,,,,
if_base,test,window,0.4412157000042498,2339,1169,10,2,1158,0.7055694556563349,0.9982758620689656,0.9948696023941856,0.9914383561643836,0.9948453608247424,0.008481764206955,0.991518235793045,0.9948970489310052,0.999189845280922,0.9990101881817768,0.9897622555360156
if_base,test,recording,0.4412157000042498,26,11,0,5,10,0.7599311888671486,0.6666666666666666,0.8076923076923077,1.0,0.8,0.0,1.0,0.8333333333333333,0.9878787878787878,0.9913888888888888,0.67700320038633
if_base,external_test,window,0.4787118000094779,7547,0,0,17,7530,0.7055694556563349,0.9977474493176096,,,,,,,,,
if_base,external_test,recording,0.4787118000094779,77,0,0,28,49,0.7599311888671486,0.6363636363636364,,,,,,,,,
bilstm_base,test,window,2.2901033999514766,2339,1179,0,13,1147,0.9839966893196106,0.988793103448276,0.9944420692603676,1.0,0.9943649761595144,0.0,1.0,0.994396551724138,1.0,1.0,0.9889435201491018
bilstm_base,test,recording,2.2901033999514766,26,11,0,0,15,0.9965960383415222,1.0,1.0,1.0,1.0,0.0,1.0,1.0,1.0,1.0,1.0
bilstm_base,external_test,window,3.2655180000001565,7547,0,0,68,7479,0.9839966893196106,0.9909897972704386,,,,,,,,,
bilstm_base,external_test,recording,3.2655180000001565,77,0,0,6,71,0.9965960383415222,0.922077922077922,,,,,,,,,
sage_base,test,window,0.905530699994415,2339,1171,8,83,1077,0.7953194379806519,0.928448275862069,0.9610944848225738,0.992626728110599,0.9594654788418708,0.006785411365564,0.993214588634436,0.9608314322482524,0.9992797812289784,0.9992307959973576,0.9240476122236776
sage_base,test,recording,0.905530699994415,26,10,1,1,14,0.8183495402336121,0.9333333333333332,0.9230769230769232,0.9333333333333332,0.9333333333333332,0.0909090909090909,0.9090909090909092,0.9212121212121211,0.993939393939394,0.9958333333333332,0.8424242424242424
sage_base,external_test,window,2.8088082000031136,7547,0,0,32,7515,0.7953194379806519,0.9957599045978536,,,,,,,,,
sage_base,external_test,recording,2.8088082000031136,77,0,0,4,73,0.8183495402336121,0.948051948051948,,,,,,,,,
if_no_volume_timing,test,window,0.4001738000079058,2339,1174,5,7,1153,0.7367918405322218,0.9939655172413792,0.9948696023941856,0.9956822107081176,0.994823123382226,0.0042408821034775,0.9957591178965224,0.9948623175689508,0.9998501067532392,0.9998436519180992,0.9897398326285134
if_no_volume_timing,test,recording,0.4001738000079058,26,11,0,3,12,0.7702327396530125,0.8,0.8846153846153846,1.0,0.8888888888888888,0.0,1.0,0.9,1.0,1.0,0.7928249671720919
if_no_volume_timing,external_test,window,0.589127000013832,7547,0,0,62,7485,0.7367918405322218,0.991784815158341,,,,,,,,,
if_no_volume_timing,external_test,recording,0.589127000013832,77,0,0,12,65,0.7702327396530125,0.8441558441558441,,,,,,,,,
