run_id,split,metric,success,denominator,lower_95,upper_95
rf_base,test,recall,15,15,0.7819806390894659,1.0
rf_base,test,fpr,0,11,0.0,0.2849141529181544
rf_base,external_test,recall,77,77,0.9532219318395959,1.0
if_base,test,recall,10,15,0.3838037325411542,0.881758896633119
if_base,test,fpr,0,11,0.0,0.2849141529181544
if_base,external_test,recall,49,77,0.5188485695963001,0.7430462577769424
bilstm_base,test,recall,15,15,0.7819806390894659,1.0
bilstm_base,test,fpr,0,11,0.0,0.2849141529181544
bilstm_base,external_test,recall,71,77,0.8380736376331375,0.9708669506953497
sage_base,test,recall,14,15,0.6805154334216966,0.9983135697586473
sage_base,test,fpr,1,11,0.0022989722138142673,0.4127799169883827
sage_base,external_test,recall,73,77,0.872301396247797,0.9856664858835389
if_no_volume_timing,test,recall,12,15,0.5191088661931469,0.9566879948941633
if_no_volume_timing,test,fpr,0,11,0.0,0.2849141529181544
if_no_volume_timing,external_test,recall,65,77,0.7435916241249908,0.9167952522318052
