split,label,source,display_source,feature,train_groups,heldout_groups,train_median,heldout_median,median_shift_in_train_iqr,ks_statistic
validation,0,CTU_Normal_Benign,CTU Normal,query_name_len_mean,49,1,14.234375,18.75,7.917808219178082,1.0
validation,0,CTU_Normal_Benign,CTU Normal,query_name_len_std,49,1,4.471037166010114,5.422392806685993,3.4764657233298757,1.0
validation,0,CTU_Normal_Benign,CTU Normal,query_name_len_p95,49,1,22.0,28.0,9.230769230769353,1.0
validation,0,CTU_Normal_Benign,CTU Normal,subdomain_len_mean,49,1,0.953125,5.119565217391305,26.66521739130435,0.9795918367346939
validation,0,CTU_Normal_Benign,CTU Normal,subdomain_len_std,49,1,2.793064355881144,4.188432731941627,4.203784390189189,1.0
validation,0,CTU_Normal_Benign,CTU Normal,subdomain_len_p95,49,1,7.0,13.0,4.444444444444419,0.9795918367346939
validation,0,CTU_Normal_Benign,CTU Normal,num_labels_mean,49,1,2.15625,3.0078125,27.25,0.9795918367346939
validation,0,CTU_Normal_Benign,CTU Normal,num_labels_std,49,1,0.3772717646140511,0.5375885646512116,7.174328002128686,1.0
validation,0,CTU_Normal_Benign,CTU Normal,num_labels_p95,49,1,3.0,4.0,,0.9795918367346939
validation,0,CTU_Normal_Benign,CTU Normal,max_label_len_mean,49,1,9.7421875,9.90625,0.31343283582089554,0.673469387755102
validation,0,CTU_Normal_Benign,CTU Normal,max_label_len_p95,49,1,17.299999999999983,16.0,-2.0,0.9183673469387755
validation,0,CTU_Normal_Benign,CTU Normal,query_entropy_mean,49,1,3.259946382230752,3.4182919122002176,6.859735236119517,1.0
validation,0,CTU_Normal_Benign,CTU Normal,query_entropy_p95,49,1,3.75,3.928813717246679,5.242603650546748,1.0
validation,0,CTU_Normal_Benign,CTU Normal,high_query_entropy_ratio,49,1,0.0,0.015625,2.0,0.9795918367346939
validation,0,CTU_Normal_Benign,CTU Normal,longest_subdomain_entropy_mean,49,1,0.2484557378737204,1.3037646275835606,31.145877679473585,0.9795918367346939
validation,0,CTU_Normal_Benign,CTU Normal,longest_subdomain_entropy_p95,49,1,2.5,3.143979590187829,3.7891733610978884,1.0
validation,0,CTU_Normal_Benign,CTU Normal,high_subdomain_entropy_ratio,49,1,0.0,0.015625,,1.0
validation,0,CTU_Normal_Benign,CTU Normal,long_consonant_count_mean,49,1,0.2265625,0.015625,-4.5,0.9795918367346939
validation,0,CTU_Normal_Benign,CTU Normal,long_consonant_positive_ratio,49,1,0.1484375,0.015625,-4.25,0.9795918367346939
validation,0,CTU_Normal_Benign,CTU Normal,transaction_bytes_mean,49,1,173.890625,371.8203125,93.4870848708487,1.0
validation,0,CTU_Normal_Benign,CTU Normal,transaction_bytes_std,49,1,26.967894504102,119.97339767591124,32.73681039425168,1.0
validation,0,CTU_Normal_Benign,CTU Normal,transaction_bytes_p95,49,1,212.54999999999995,588.0,79.88297872340398,1.0
validation,0,CTU_Normal_Benign,CTU Normal,request_payload_mean,49,1,32.234375,36.75,7.917808219178082,1.0
validation,0,CTU_Normal_Benign,CTU Normal,response_payload_mean,49,1,58.078125,251.59375,114.67592592592592,1.0
validation,0,CTU_Normal_Benign,CTU Normal,response_time_median,49,1,0.3731168508529662,0.0277429819107055,-4.943801320073443,1.0
validation,0,CTU_Normal_Benign,CTU Normal,response_time_std,49,1,0.5990571305276539,0.1073582719023727,-2.554670720668787,1.0
validation,0,CTU_Normal_Benign,CTU Normal,response_time_p95,49,1,1.1653414130210868,0.2905845403671264,-2.1953880289479213,1.0
validation,0,CTU_Normal_Benign,CTU Normal,unique_base_domain_ratio,49,1,0.9375,0.3828125,-35.5,0.9795918367346939
validation,0,CTU_Normal_Benign,CTU Normal,top_base_domain_share,49,1,0.0234375,0.2578125,,0.9795918367346939
validation,0,CTU_Normal_Benign,CTU Normal,unique_subdomain_ratio,49,1,0.109375,0.4609375,45.0,1.0
validation,0,CTU_Normal_Benign,CTU Normal,repeated_query_ratio,49,1,0.0078125,0.28125,,0.9795918367346939
validation,0,CTU_Normal_Benign,CTU Normal,iat_mean,49,1,0.0301104267751138,13.34882778821029,6261.136751706746,1.0
validation,0,CTU_Normal_Benign,CTU Normal,iat_std,49,1,0.0304269067247591,33.44937912569711,9454.279174157353,1.0
validation,0,CTU_Normal_Benign,CTU Normal,iat_median,49,1,0.0192821025848388,0.0328178405761718,5.0487327701201865,0.8979591836734694
validation,0,CTU_Normal_Benign,CTU Normal,iat_p95,49,1,0.0898438930511474,72.04297993183135,9646.027279875185,1.0
validation,0,CTU_Normal_Benign,CTU Normal,iat_cv,49,1,1.00927396630913,2.445742410785128,43.49931602419995,0.9795918367346939
validation,0,CTU_Normal_Benign,CTU Normal,qtype_a_ratio,49,1,1.0,0.9765625,,0.9795918367346939
validation,0,CTU_Normal_Benign,CTU Normal,qtype_cname_ratio,49,1,0.0,0.0,,0.0
validation,0,CTU_Normal_Benign,CTU Normal,qtype_txt_ratio,49,1,0.0,0.0,,0.0
validation,0,CTU_Normal_Benign,CTU Normal,qtype_mx_ratio,49,1,0.0,0.0,,0.0
validation,0,CTU_Normal_Benign,CTU Normal,qtype_other_ratio,49,1,0.0,0.0,,0.0
validation,0,CTU_Normal_Benign,CTU Normal,rcode_servfail_ratio,49,1,0.0078125,0.0,-1.0,0.6326530612244898
validation,0,Nitsan,GraphTunnel,query_name_len_mean,49,10,14.234375,14.30078125,0.11643835616438356,0.18571428571428572
validation,0,Nitsan,GraphTunnel,query_name_len_std,49,10,4.471037166010114,4.546973203336377,0.2774872189150021,0.23061224489795917
validation,0,Nitsan,GraphTunnel,query_name_len_p95,49,10,22.0,22.324999999999996,0.5,0.13877551020408163
validation,0,Nitsan,GraphTunnel,subdomain_len_mean,49,10,0.953125,0.91796875,-0.225,0.19387755102040816
validation,0,Nitsan,GraphTunnel,subdomain_len_std,49,10,2.793064355881144,2.8176866682499915,0.07417890082814745,0.17551020408163265
validation,0,Nitsan,GraphTunnel,subdomain_len_p95,49,10,7.0,7.324999999999996,0.24074074074073623,0.15306122448979592
validation,0,Nitsan,GraphTunnel,num_labels_mean,49,10,2.15625,2.14453125,-0.375,0.18571428571428572
validation,0,Nitsan,GraphTunnel,num_labels_std,49,10,0.3772717646140511,0.3629327054292826,-0.6416864221941799,0.2755102040816326
validation,0,Nitsan,GraphTunnel,num_labels_p95,49,10,3.0,3.0,,0.02040816326530612
validation,0,Nitsan,GraphTunnel,max_label_len_mean,49,10,9.7421875,9.83984375,0.1865671641791045,0.24693877551020407
validation,0,Nitsan,GraphTunnel,max_label_len_p95,49,10,17.299999999999983,17.64999999999999,0.5384615384615586,0.23061224489795917
validation,0,Nitsan,GraphTunnel,query_entropy_mean,49,10,3.259946382230752,3.2602581429577038,0.013505882005766457,0.18979591836734694
validation,0,Nitsan,GraphTunnel,query_entropy_p95,49,10,3.75,3.7471406206954323,-0.08383357055177415,0.20612244897959184
validation,0,Nitsan,GraphTunnel,high_query_entropy_ratio,49,10,0.0,0.0,0.0,0.32857142857142857
validation,0,Nitsan,GraphTunnel,longest_subdomain_entropy_mean,49,10,0.2484557378737204,0.24270868251950412,-0.16961582037729275,0.23061224489795917
validation,0,Nitsan,GraphTunnel,longest_subdomain_entropy_p95,49,10,2.5,2.5072705475113226,0.042779872794516484,0.17551020408163265
validation,0,Nitsan,GraphTunnel,high_subdomain_entropy_ratio,49,10,0.0,0.0,,0.0
validation,0,Nitsan,GraphTunnel,long_consonant_count_mean,49,10,0.2265625,0.22265625,-0.08333333333333333,0.16326530612244897
validation,0,Nitsan,GraphTunnel,long_consonant_positive_ratio,49,10,0.1484375,0.1484375,0.0,0.14285714285714285
validation,0,Nitsan,GraphTunnel,transaction_bytes_mean,49,10,173.890625,174.22265625,0.15682656826568267,0.2857142857142857
validation,0,Nitsan,GraphTunnel,transaction_bytes_std,49,10,26.967894504102,25.977406393285634,-0.34863981566398655,0.4959183673469388
validation,0,Nitsan,GraphTunnel,transaction_bytes_p95,49,10,212.54999999999995,212.25,-0.06382978723403264,0.19795918367346937
validation,0,Nitsan,GraphTunnel,request_payload_mean,49,10,32.234375,32.30078125,0.11643835616438356,0.18571428571428572
validation,0,Nitsan,GraphTunnel,response_payload_mean,49,10,58.078125,57.8828125,-0.11574074074074074,0.30612244897959184
validation,0,Nitsan,GraphTunnel,response_time_median,49,10,0.3731168508529662,0.4064985513687134,0.4778372364460417,0.37551020408163266
validation,0,Nitsan,GraphTunnel,response_time_std,49,10,0.5990571305276539,0.6943254774424492,0.49497624857254585,0.27346938775510204
validation,0,Nitsan,GraphTunnel,response_time_p95,49,10,1.1653414130210868,1.408566397428511,0.6104247200585696,0.3551020408163265
validation,0,Nitsan,GraphTunnel,unique_base_domain_ratio,49,10,0.9375,0.94140625,0.25,0.17346938775510204
validation,0,Nitsan,GraphTunnel,top_base_domain_share,49,10,0.0234375,0.0234375,,0.07959183673469387
validation,0,Nitsan,GraphTunnel,unique_subdomain_ratio,49,10,0.109375,0.109375,0.0,0.20816326530612245
validation,0,Nitsan,GraphTunnel,repeated_query_ratio,49,10,0.0078125,0.0078125,,0.04081632653061224
validation,0,Nitsan,GraphTunnel,iat_mean,49,10,0.0301104267751138,0.03147888652921655,0.6433137236212845,0.4306122448979592
validation,0,Nitsan,GraphTunnel,iat_std,49,10,0.0304269067247591,0.031847404286477546,0.40186120817611237,0.5102040816326531
validation,0,Nitsan,GraphTunnel,iat_median,49,10,0.0192821025848388,0.01983356475830075,0.20569141840819993,0.24693877551020407
validation,0,Nitsan,GraphTunnel,iat_p95,49,10,0.0898438930511474,0.09208563566207881,0.3005276985821501,0.41020408163265304
validation,0,Nitsan,GraphTunnel,iat_cv,49,10,1.00927396630913,1.0105838895277324,0.03966725776159411,0.2857142857142857
validation,0,Nitsan,GraphTunnel,qtype_a_ratio,49,10,1.0,1.0,,0.02040816326530612
validation,0,Nitsan,GraphTunnel,qtype_cname_ratio,49,10,0.0,0.0,,0.0
validation,0,Nitsan,GraphTunnel,qtype_txt_ratio,49,10,0.0,0.0,,0.0
validation,0,Nitsan,GraphTunnel,qtype_mx_ratio,49,10,0.0,0.0,,0.0
validation,0,Nitsan,GraphTunnel,qtype_other_ratio,49,10,0.0,0.0,,0.0
validation,0,Nitsan,GraphTunnel,rcode_servfail_ratio,49,10,0.0078125,0.0078125,0.0,0.2673469387755102
validation,1,Itamar,Domainator,query_name_len_mean,81,4,41.625,37.69512195121951,-0.11282736923333457,0.2932098765432099
validation,1,Itamar,Domainator,query_name_len_std,81,4,20.276253868849942,8.116927891331517,-0.2262848867328826,0.5555555555555556
validation,1,Itamar,Domainator,query_name_len_p95,81,4,79.0,54.5,-0.15245799626633477,0.37962962962962965
validation,1,Itamar,Domainator,subdomain_len_mean,81,4,27.1484375,20.829268292682926,-0.1826380766435494,0.3549382716049383
validation,1,Itamar,Domainator,subdomain_len_std,81,4,20.090755017650565,7.139912922272984,-0.23706499498364914,0.5308641975308642
validation,1,Itamar,Domainator,subdomain_len_p95,81,4,60.89999999999998,35.5,-0.16075949367088593,0.39197530864197533
validation,1,Itamar,Domainator,num_labels_mean,81,4,3.48938679245283,4.085365853658537,0.44481236055003204,0.33024691358024694
validation,1,Itamar,Domainator,num_labels_std,81,4,0.6584783595532961,0.32977172354287365,-0.348834247052081,0.25308641975308643
validation,1,Itamar,Domainator,num_labels_p95,81,4,5.0,5.0,0.0,0.22839506172839505
validation,1,Itamar,Domainator,max_label_len_mean,81,4,21.46875,19.512195121951223,-0.08876335086880267,0.345679012345679
validation,1,Itamar,Domainator,max_label_len_p95,81,4,58.0,35.5,-0.5019520356943671,0.33024691358024694
validation,1,Itamar,Domainator,query_entropy_mean,81,4,3.7815626690732227,3.8086903725456303,0.07387655379902004,0.25308641975308643
validation,1,Itamar,Domainator,query_entropy_p95,81,4,4.200339917986916,4.1579591,-0.06294626280697582,0.30864197530864196
validation,1,Itamar,Domainator,high_query_entropy_ratio,81,4,0.17578125,0.33635232300884954,0.2976172528681913,0.36728395061728397
validation,1,Itamar,Domainator,longest_subdomain_entropy_mean,81,4,2.893413203125,2.7483578945312503,-0.16691020220215144,0.2777777777777778
validation,1,Itamar,Domainator,longest_subdomain_entropy_p95,81,4,3.76215725,3.7140120000000003,-0.048625874704595916,0.2716049382716049
validation,1,Itamar,Domainator,high_subdomain_entropy_ratio,81,4,0.203125,0.18940548780487804,-0.028554431885782296,0.23765432098765432
validation,1,Itamar,Domainator,long_consonant_count_mean,81,4,0.59375,0.46401410398230086,-0.10481562667004829,0.345679012345679
validation,1,Itamar,Domainator,long_consonant_positive_ratio,81,4,0.3515625,0.29915821282106625,-0.13974476581049,0.24074074074074073
validation,1,Itamar,Domainator,transaction_bytes_mean,81,4,390.390625,183.8252667682927,-0.5467378181351198,0.654320987654321
validation,1,Itamar,Domainator,transaction_bytes_std,81,4,81.34954862723481,28.674163716387433,-0.4168210615390134,0.5432098765432098
validation,1,Itamar,Domainator,transaction_bytes_p95,81,4,544.0,231.5,-0.8903133903133903,0.7283950617283951
validation,1,Itamar,Domainator,request_payload_mean,81,4,66.0,55.69512195121952,-0.29010599723177416,0.3425925925925926
validation,1,Itamar,Domainator,response_payload_mean,76,3,255.0170110887097,89.0,-0.5019105953831814,0.7894736842105263
validation,1,Itamar,Domainator,response_time_median,76,3,0.002267777875,0.002418518,0.0006722326711492209,0.4473684210526316
validation,1,Itamar,Domainator,response_time_std,76,3,0.00374586554940295,0.000802255446982,-0.020258229361068286,0.4605263157894737
validation,1,Itamar,Domainator,response_time_p95,76,3,0.007749707624999949,0.00432714229999995,-0.007803311711528345,0.4868421052631579
validation,1,Itamar,Domainator,unique_base_domain_ratio,81,4,0.0078125,0.0512997787610619,0.910860820595334,0.33024691358024694
validation,1,Itamar,Domainator,top_base_domain_share,81,4,1.0,0.6951219512195121,-0.7973733583489683,0.36419753086419754
validation,1,Itamar,Domainator,unique_subdomain_ratio,81,4,0.5078125,0.6663069285560111,0.25701799225299105,0.3395061728395062
validation,1,Itamar,Domainator,repeated_query_ratio,81,4,0.4921875,0.2483272177854522,-0.4488442875543127,0.33024691358024694
validation,1,Itamar,Domainator,iat_mean,81,4,0.250127550185196,2.7462966825314394,1.9779509367379122,0.4783950617283951
validation,1,Itamar,Domainator,iat_std,81,4,0.20465775073957165,3.485678711563567,1.636095474886416,0.4012345679012346
validation,1,Itamar,Domainator,iat_median,81,4,0.0067269802093505,2.1246457099914546,8.741400738618864,0.5771604938271605
validation,1,Itamar,Domainator,iat_p95,81,4,0.5046981811523438,7.122361016273499,1.6776411449523527,0.404320987654321
validation,1,Itamar,Domainator,iat_cv,81,4,1.198100130957406,0.9740731708083312,-0.13761933291644585,0.3333333333333333
validation,1,Itamar,Domainator,qtype_a_ratio,81,4,0.0,0.459889481707317,3.181938035596572,0.5030864197530864
validation,1,Itamar,Domainator,qtype_cname_ratio,81,4,0.0,0.0,0.0,0.20987654320987653
validation,1,Itamar,Domainator,qtype_txt_ratio,81,4,0.0,0.024390243902439,0.0709235868126455,0.18209876543209877
validation,1,Itamar,Domainator,qtype_mx_ratio,81,4,0.0,0.0,0.0,0.1728395061728395
validation,1,Itamar,Domainator,qtype_other_ratio,81,4,0.0,0.109375,0.1783288043478261,0.2345679012345679
validation,1,Itamar,Domainator,rcode_servfail_ratio,81,4,0.0,0.0,,0.037037037037037035
validation,1,Nitsan,GraphTunnel,query_name_len_mean,81,4,41.625,126.19140625,2.4279137989194837,0.5277777777777778
validation,1,Nitsan,GraphTunnel,query_name_len_std,81,4,20.276253868849942,5.509883786865848,-0.27480194113025486,0.37962962962962965
validation,1,Nitsan,GraphTunnel,query_name_len_p95,81,4,79.0,153.075,0.46095208462974474,0.3888888888888889
validation,1,Nitsan,GraphTunnel,subdomain_len_mean,81,4,27.1484375,116.19140625,2.5735402894894617,0.5648148148148148
validation,1,Nitsan,GraphTunnel,subdomain_len_std,81,4,20.090755017650565,5.509883786865848,-0.2669026569644416,0.37962962962962965
validation,1,Nitsan,GraphTunnel,subdomain_len_p95,81,4,60.89999999999998,143.075,0.5200949367088609,0.3888888888888889
validation,1,Nitsan,GraphTunnel,num_labels_mean,81,4,3.48938679245283,5.64453125,1.6085043181693164,0.5802469135802469
validation,1,Nitsan,GraphTunnel,num_labels_std,81,4,0.6584783595532961,0.10797089813347854,-0.5842165468020718,0.5030864197530864
validation,1,Nitsan,GraphTunnel,num_labels_p95,81,4,5.0,6.0,0.5,0.3888888888888889
validation,1,Nitsan,GraphTunnel,max_label_len_mean,81,4,21.46875,44.638671875,1.0511537029027298,0.5771604938271605
validation,1,Nitsan,GraphTunnel,max_label_len_p95,81,4,58.0,50.0,-0.17847183491355273,0.32098765432098764
validation,1,Nitsan,GraphTunnel,query_entropy_mean,81,4,3.7815626690732227,4.510030448994225,1.9838276833468518,0.6049382716049383
validation,1,Nitsan,GraphTunnel,query_entropy_p95,81,4,4.200339917986916,4.6695005059636685,0.6968224558236966,0.47530864197530864
validation,1,Nitsan,GraphTunnel,high_query_entropy_ratio,81,4,0.17578125,0.97265625,1.4770017035775127,0.6141975308641975
validation,1,Nitsan,GraphTunnel,longest_subdomain_entropy_mean,81,4,2.893413203125,4.098756794195206,1.3869478094872298,0.7283950617283951
validation,1,Nitsan,GraphTunnel,longest_subdomain_entropy_p95,81,4,3.76215725,4.1976847015726175,0.4398752377562106,0.37962962962962965
validation,1,Nitsan,GraphTunnel,high_subdomain_entropy_ratio,81,4,0.203125,0.97265625,1.6016260162601625,0.6882716049382716
validation,1,Nitsan,GraphTunnel,long_consonant_count_mean,81,4,0.59375,4.10546875,2.837171613783691,0.4506172839506173
validation,1,Nitsan,GraphTunnel,long_consonant_positive_ratio,81,4,0.3515625,0.705078125,0.9427083333333334,0.41358024691358025
validation,1,Nitsan,GraphTunnel,transaction_bytes_mean,81,4,390.390625,651.640625,0.6914772942110636,0.654320987654321
validation,1,Nitsan,GraphTunnel,transaction_bytes_std,81,4,81.34954862723481,101.87317290134105,0.1624037274913044,0.22839506172839505
validation,1,Nitsan,GraphTunnel,transaction_bytes_p95,81,4,544.0,695.0,0.4301994301994302,0.5432098765432098
validation,1,Nitsan,GraphTunnel,request_payload_mean,81,4,66.0,168.291015625,2.879727150119307,0.6018518518518519
validation,1,Nitsan,GraphTunnel,response_payload_mean,76,4,255.0170110887097,405.671875,0.4554670147788864,0.5657894736842105
validation,1,Nitsan,GraphTunnel,response_time_median,76,4,0.002267777875,0.22068414092063898,0.9740380350146824,0.618421052631579
validation,1,Nitsan,GraphTunnel,response_time_std,76,4,0.00374586554940295,0.1341890764433719,0.8977236770287208,0.5263157894736842
validation,1,Nitsan,GraphTunnel,response_time_p95,76,4,0.007749707624999949,0.24782005548477165,0.5473507673793899,0.618421052631579
validation,1,Nitsan,GraphTunnel,unique_base_domain_ratio,81,4,0.0078125,0.0078125,0.0,0.4691358024691358
validation,1,Nitsan,GraphTunnel,top_base_domain_share,81,4,1.0,1.0,0.0,0.345679012345679
validation,1,Nitsan,GraphTunnel,unique_subdomain_ratio,81,4,0.5078125,1.0,0.7981418918918919,0.7283950617283951
validation,1,Nitsan,GraphTunnel,repeated_query_ratio,81,4,0.4921875,0.0,-0.9059103260869567,0.7283950617283951
validation,1,Nitsan,GraphTunnel,iat_mean,81,4,0.250127550185196,0.24441729943583326,-0.004524771848329915,0.4691358024691358
validation,1,Nitsan,GraphTunnel,iat_std,81,4,0.20465775073957165,0.12501181857306726,-0.03971579297012558,0.49382716049382713
validation,1,Nitsan,GraphTunnel,iat_median,81,4,0.0067269802093505,0.22419381141662592,0.8975626364737594,0.6172839506172839
validation,1,Nitsan,GraphTunnel,iat_p95,81,4,0.5046981811523438,0.34037955999374386,-0.04165635007490656,0.3950617283950617
validation,1,Nitsan,GraphTunnel,iat_cv,81,4,1.198100130957406,0.4824661964959596,-0.4396125564861508,0.7037037037037037
validation,1,Nitsan,GraphTunnel,qtype_a_ratio,81,4,0.0,0.0,0.0,0.22530864197530864
validation,1,Nitsan,GraphTunnel,qtype_cname_ratio,81,4,0.0,0.0,0.0,0.30864197530864196
validation,1,Nitsan,GraphTunnel,qtype_txt_ratio,81,4,0.0,0.0,0.0,0.24382716049382716
validation,1,Nitsan,GraphTunnel,qtype_mx_ratio,81,4,0.0,0.0,0.0,0.21296296296296297
validation,1,Nitsan,GraphTunnel,qtype_other_ratio,81,4,0.0,0.0,0.0,0.20679012345679013
validation,1,Nitsan,GraphTunnel,rcode_servfail_ratio,81,4,0.0,0.0,,0.037037037037037035
validation,1,dns-tunnel-dataset-master - origin - Rotem,DACA,query_name_len_mean,81,6,41.625,44.32421875,0.07749496212542673,0.18518518518518517
validation,1,dns-tunnel-dataset-master - origin - Rotem,DACA,query_name_len_std,81,6,20.276253868849942,25.636940005891955,0.09976229419080461,0.18518518518518517
validation,1,dns-tunnel-dataset-master - origin - Rotem,DACA,query_name_len_p95,81,6,79.0,91.5,0.07778469197261978,0.18518518518518517
validation,1,dns-tunnel-dataset-master - origin - Rotem,DACA,subdomain_len_mean,81,6,27.1484375,29.32421875,0.06288492832838913,0.18518518518518517
validation,1,dns-tunnel-dataset-master - origin - Rotem,DACA,subdomain_len_std,81,6,20.090755017650565,25.636940005891955,0.10152284359061997,0.19753086419753085
validation,1,dns-tunnel-dataset-master - origin - Rotem,DACA,subdomain_len_p95,81,6,60.89999999999998,76.5,0.09873417721519001,0.18518518518518517
validation,1,dns-tunnel-dataset-master - origin - Rotem,DACA,num_labels_mean,81,6,3.48938679245283,3.17578125,-0.2340612794983222,0.43209876543209874
validation,1,dns-tunnel-dataset-master - origin - Rotem,DACA,num_labels_std,81,6,0.6584783595532961,0.375778957627255,-0.3000098635362425,0.3333333333333333
validation,1,dns-tunnel-dataset-master - origin - Rotem,DACA,num_labels_p95,81,6,5.0,4.0,-0.5,0.2716049382716049
validation,1,dns-tunnel-dataset-master - origin - Rotem,DACA,max_label_len_mean,81,6,21.46875,22.625,0.052455786236063055,0.2345679012345679
validation,1,dns-tunnel-dataset-master - origin - Rotem,DACA,max_label_len_p95,81,6,58.0,61.5,0.07808142777467932,0.345679012345679
validation,1,dns-tunnel-dataset-master - origin - Rotem,DACA,query_entropy_mean,81,6,3.7815626690732227,3.8433393685546866,0.16823575454554407,0.2222222222222222
validation,1,dns-tunnel-dataset-master - origin - Rotem,DACA,query_entropy_p95,81,6,4.200339917986916,4.190019025,-0.015329143542196057,0.17901234567901234
validation,1,dns-tunnel-dataset-master - origin - Rotem,DACA,high_query_entropy_ratio,81,6,0.17578125,0.212890625,0.06878194207836456,0.2037037037037037
validation,1,dns-tunnel-dataset-master - origin - Rotem,DACA,longest_subdomain_entropy_mean,81,6,2.893413203125,2.939778946018229,0.05335148087020968,0.32098765432098764
validation,1,dns-tunnel-dataset-master - origin - Rotem,DACA,longest_subdomain_entropy_p95,81,6,3.76215725,3.705547415,-0.05717496001698764,0.24691358024691357
validation,1,dns-tunnel-dataset-master - origin - Rotem,DACA,high_subdomain_entropy_ratio,81,6,0.203125,0.185546875,-0.036585365853658534,0.17901234567901234
validation,1,dns-tunnel-dataset-master - origin - Rotem,DACA,long_consonant_count_mean,81,6,0.59375,0.265625,-0.2650972364380757,0.32098765432098764
validation,1,dns-tunnel-dataset-master - origin - Rotem,DACA,long_consonant_positive_ratio,81,6,0.3515625,0.265625,-0.22916666666666666,0.3950617283950617
validation,1,dns-tunnel-dataset-master - origin - Rotem,DACA,transaction_bytes_mean,81,6,390.390625,452.078125,0.1632746625326124,0.43209876543209874
validation,1,dns-tunnel-dataset-master - origin - Rotem,DACA,transaction_bytes_std,81,6,81.34954862723481,103.91751470826426,0.17858063295772925,0.2222222222222222
validation,1,dns-tunnel-dataset-master - origin - Rotem,DACA,transaction_bytes_p95,81,6,544.0,559.5,0.04415954415954416,0.37037037037037035
validation,1,dns-tunnel-dataset-master - origin - Rotem,DACA,request_payload_mean,81,6,66.0,67.8828125,0.053005498495694574,0.2654320987654321
validation,1,dns-tunnel-dataset-master - origin - Rotem,DACA,response_payload_mean,76,6,255.0170110887097,300.8984375,0.1387109302601246,0.34210526315789475
validation,1,dns-tunnel-dataset-master - origin - Rotem,DACA,response_time_median,76,6,0.002267777875,0.0022603562499999503,-3.309708545121071e-05,0.25
validation,1,dns-tunnel-dataset-master - origin - Rotem,DACA,response_time_std,76,6,0.00374586554940295,0.0019141146498755,-0.0126062992596917,0.22807017543859648
validation,1,dns-tunnel-dataset-master - origin - Rotem,DACA,response_time_p95,76,6,0.007749707624999949,0.006050434624999899,-0.0038742743067977227,0.18421052631578946
validation,1,dns-tunnel-dataset-master - origin - Rotem,DACA,unique_base_domain_ratio,81,6,0.0078125,0.0078125,0.0,0.4074074074074074
validation,1,dns-tunnel-dataset-master - origin - Rotem,DACA,top_base_domain_share,81,6,1.0,1.0,0.0,0.345679012345679
validation,1,dns-tunnel-dataset-master - origin - Rotem,DACA,unique_subdomain_ratio,81,6,0.5078125,0.508984375,0.0019003378378379097,0.345679012345679
validation,1,dns-tunnel-dataset-master - origin - Rotem,DACA,repeated_query_ratio,81,6,0.4921875,0.491015625,-0.0021569293478260667,0.345679012345679
validation,1,dns-tunnel-dataset-master - origin - Rotem,DACA,iat_mean,81,6,0.250127550185196,0.015405078572551023,-0.18599281858889294,0.4567901234567901
validation,1,dns-tunnel-dataset-master - origin - Rotem,DACA,iat_std,81,6,0.20465775073957165,0.014967364645407301,-0.09458994197957754,0.345679012345679
validation,1,dns-tunnel-dataset-master - origin - Rotem,DACA,iat_median,81,6,0.0067269802093505,0.0008339881896972251,-0.024322465290522254,0.5555555555555556
validation,1,dns-tunnel-dataset-master - origin - Rotem,DACA,iat_p95,81,6,0.5046981811523438,0.03195652365684505,-0.11984455468754654,0.48148148148148145
validation,1,dns-tunnel-dataset-master - origin - Rotem,DACA,iat_cv,81,6,1.198100130957406,1.1711205633718074,-0.0165734967391137,0.2716049382716049
validation,1,dns-tunnel-dataset-master - origin - Rotem,DACA,qtype_a_ratio,81,6,0.0,0.0,0.0,0.32098765432098764
validation,1,dns-tunnel-dataset-master - origin - Rotem,DACA,qtype_cname_ratio,81,6,0.0,0.0,0.0,0.20987654320987653
validation,1,dns-tunnel-dataset-master - origin - Rotem,DACA,qtype_txt_ratio,81,6,0.0,0.0,0.0,0.16049382716049382
validation,1,dns-tunnel-dataset-master - origin - Rotem,DACA,qtype_mx_ratio,81,6,0.0,0.0,0.0,0.2839506172839506
validation,1,dns-tunnel-dataset-master - origin - Rotem,DACA,qtype_other_ratio,81,6,0.0,0.0,0.0,0.16049382716049382
validation,1,dns-tunnel-dataset-master - origin - Rotem,DACA,rcode_servfail_ratio,81,6,0.0,0.0,,0.2962962962962963
test,0,CTU_Normal_Benign,CTU Normal,query_name_len_mean,49,1,14.234375,25.65625,20.027397260273972,1.0
test,0,CTU_Normal_Benign,CTU Normal,query_name_len_std,49,1,4.471037166010114,2.352470754832831,-7.741714240347963,1.0
test,0,CTU_Normal_Benign,CTU Normal,query_name_len_p95,49,1,22.0,28.0,9.230769230769353,1.0
test,0,CTU_Normal_Benign,CTU Normal,subdomain_len_mean,49,1,0.953125,9.390625,54.0,1.0
test,0,CTU_Normal_Benign,CTU Normal,subdomain_len_std,49,1,2.793064355881144,1.6695476829339608,-3.38478493054793,1.0
test,0,CTU_Normal_Benign,CTU Normal,subdomain_len_p95,49,1,7.0,11.0,2.9629629629629464,0.9795918367346939
test,0,CTU_Normal_Benign,CTU Normal,num_labels_mean,49,1,2.15625,5.8671875,118.75,1.0
test,0,CTU_Normal_Benign,CTU Normal,num_labels_std,49,1,0.3772717646140511,0.6658065333441464,12.912203028055842,1.0
test,0,CTU_Normal_Benign,CTU Normal,num_labels_p95,49,1,3.0,6.0,,1.0
test,0,CTU_Normal_Benign,CTU Normal,max_label_len_mean,49,1,9.7421875,7.015625,-5.208955223880597,1.0
test,0,CTU_Normal_Benign,CTU Normal,max_label_len_p95,49,1,17.299999999999983,7.0,-15.846153846154028,1.0
test,0,CTU_Normal_Benign,CTU Normal,query_entropy_mean,49,1,3.259946382230752,3.5639324122922247,13.169071978873559,1.0
test,0,CTU_Normal_Benign,CTU Normal,query_entropy_p95,49,1,3.75,3.750048334073655,0.0014170970487682533,0.5714285714285714
test,0,CTU_Normal_Benign,CTU Normal,high_query_entropy_ratio,49,1,0.0,0.0,0.0,0.42857142857142855
test,0,CTU_Normal_Benign,CTU Normal,longest_subdomain_entropy_mean,49,1,0.2484557378737204,1.336667986297435,32.116971541885704,0.9795918367346939
test,0,CTU_Normal_Benign,CTU Normal,longest_subdomain_entropy_p95,49,1,2.5,1.584962500721156,-5.384077025891049,1.0
test,0,CTU_Normal_Benign,CTU Normal,high_subdomain_entropy_ratio,49,1,0.0,0.0,,0.0
test,0,CTU_Normal_Benign,CTU Normal,long_consonant_count_mean,49,1,0.2265625,0.0,-4.833333333333333,0.9795918367346939
test,0,CTU_Normal_Benign,CTU Normal,long_consonant_positive_ratio,49,1,0.1484375,0.0,-4.75,0.9795918367346939
test,0,CTU_Normal_Benign,CTU Normal,transaction_bytes_mean,49,1,173.890625,226.90625,25.04059040590406,1.0
test,0,CTU_Normal_Benign,CTU Normal,transaction_bytes_std,49,1,26.967894504102,24.491447357237664,-0.8716793945893792,1.0
test,0,CTU_Normal_Benign,CTU Normal,transaction_bytes_p95,49,1,212.54999999999995,259.0,9.882978723404229,0.9795918367346939
test,0,CTU_Normal_Benign,CTU Normal,request_payload_mean,49,1,32.234375,45.90625,23.972602739726028,1.0
test,0,CTU_Normal_Benign,CTU Normal,response_payload_mean,49,1,58.078125,95.125,21.953703703703702,0.9795918367346939
test,0,CTU_Normal_Benign,CTU Normal,response_time_median,49,1,0.3731168508529662,0.0735149383544921,-4.288605663893192,1.0
test,0,CTU_Normal_Benign,CTU Normal,response_time_std,49,1,0.5990571305276539,0.4502603207716745,-0.7730887443491405,0.8775510204081632
test,0,CTU_Normal_Benign,CTU Normal,response_time_p95,49,1,1.1653414130210868,0.6337098360061643,-1.334242275168687,0.9795918367346939
test,0,CTU_Normal_Benign,CTU Normal,unique_base_domain_ratio,49,1,0.9375,0.5390625,-25.5,0.9795918367346939
test,0,CTU_Normal_Benign,CTU Normal,top_base_domain_share,49,1,0.0234375,0.0625,,0.9795918367346939
test,0,CTU_Normal_Benign,CTU Normal,unique_subdomain_ratio,49,1,0.109375,0.921875,104.0,1.0
test,0,CTU_Normal_Benign,CTU Normal,repeated_query_ratio,49,1,0.0078125,0.0703125,,0.9795918367346939
test,0,CTU_Normal_Benign,CTU Normal,iat_mean,49,1,0.0301104267751138,1.0130236918532003,462.06809565161706,0.9795918367346939
test,0,CTU_Normal_Benign,CTU Normal,iat_std,49,1,0.0304269067247591,1.6033424897419974,444.98052906593284,0.9795918367346939
test,0,CTU_Normal_Benign,CTU Normal,iat_median,49,1,0.0192821025848388,0.2246855497360229,76.61400622499096,1.0
test,0,CTU_Normal_Benign,CTU Normal,iat_p95,49,1,0.0898438930511474,5.067504620552063,667.3044958257133,0.9795918367346939
test,0,CTU_Normal_Benign,CTU Normal,iat_cv,49,1,1.00927396630913,1.6935630412907454,20.721726842660278,0.9795918367346939
test,0,CTU_Normal_Benign,CTU Normal,qtype_a_ratio,49,1,1.0,0.0390625,,1.0
test,0,CTU_Normal_Benign,CTU Normal,qtype_cname_ratio,49,1,0.0,0.0,,0.0
test,0,CTU_Normal_Benign,CTU Normal,qtype_txt_ratio,49,1,0.0,0.0,,0.0
test,0,CTU_Normal_Benign,CTU Normal,qtype_mx_ratio,49,1,0.0,0.0,,0.0
test,0,CTU_Normal_Benign,CTU Normal,qtype_other_ratio,49,1,0.0,0.9609375,,1.0
test,0,CTU_Normal_Benign,CTU Normal,rcode_servfail_ratio,49,1,0.0078125,0.078125,9.0,1.0
test,0,Nitsan,GraphTunnel,query_name_len_mean,49,10,14.234375,14.09765625,-0.23972602739726026,0.18979591836734694
test,0,Nitsan,GraphTunnel,query_name_len_std,49,10,4.471037166010114,4.372064178064866,-0.3616693751694701,0.5142857142857142
test,0,Nitsan,GraphTunnel,query_name_len_p95,49,10,22.0,22.0,0.0,0.24897959183673468
test,0,Nitsan,GraphTunnel,subdomain_len_mean,49,10,0.953125,0.921875,-0.2,0.31020408163265306
test,0,Nitsan,GraphTunnel,subdomain_len_std,49,10,2.793064355881144,2.8045755758736113,0.03467950667836452,0.15918367346938775
test,0,Nitsan,GraphTunnel,subdomain_len_p95,49,10,7.0,7.0,0.0,0.15918367346938775
test,0,Nitsan,GraphTunnel,num_labels_mean,49,10,2.15625,2.14453125,-0.375,0.31020408163265306
test,0,Nitsan,GraphTunnel,num_labels_std,49,10,0.3772717646140511,0.3662584446274866,-0.4928564564518412,0.41020408163265304
test,0,Nitsan,GraphTunnel,num_labels_p95,49,10,3.0,3.0,,0.02040816326530612
test,0,Nitsan,GraphTunnel,max_label_len_mean,49,10,9.7421875,9.7265625,-0.029850746268656716,0.19795918367346937
test,0,Nitsan,GraphTunnel,max_label_len_p95,49,10,17.299999999999983,17.0,-0.46153846153844136,0.21020408163265306
test,0,Nitsan,GraphTunnel,query_entropy_mean,49,10,3.259946382230752,3.2723540738830943,0.5375174129821673,0.3163265306122449
test,0,Nitsan,GraphTunnel,query_entropy_p95,49,10,3.75,3.75,0.0,0.13673469387755102
test,0,Nitsan,GraphTunnel,high_query_entropy_ratio,49,10,0.0,0.0,0.0,0.12857142857142856
test,0,Nitsan,GraphTunnel,longest_subdomain_entropy_mean,49,10,0.2484557378737204,0.23881893556542905,-0.28441593626472494,0.23469387755102042
test,0,Nitsan,GraphTunnel,longest_subdomain_entropy_p95,49,10,2.5,2.5040536447369792,0.023851629596267635,0.17959183673469387
test,0,Nitsan,GraphTunnel,high_subdomain_entropy_ratio,49,10,0.0,0.0,,0.0
test,0,Nitsan,GraphTunnel,long_consonant_count_mean,49,10,0.2265625,0.234375,0.16666666666666666,0.3122448979591837
test,0,Nitsan,GraphTunnel,long_consonant_positive_ratio,49,10,0.1484375,0.15625,0.25,0.2673469387755102
test,0,Nitsan,GraphTunnel,transaction_bytes_mean,49,10,173.890625,173.5625,-0.15498154981549817,0.3510204081632653
test,0,Nitsan,GraphTunnel,transaction_bytes_std,49,10,26.967894504102,25.71617142292704,-0.4405913604793412,0.5551020408163265
test,0,Nitsan,GraphTunnel,transaction_bytes_p95,49,10,212.54999999999995,210.95,-0.3404255319148851,0.3306122448979592
test,0,Nitsan,GraphTunnel,request_payload_mean,49,10,32.234375,32.09765625,-0.23972602739726026,0.18979591836734694
test,0,Nitsan,GraphTunnel,response_payload_mean,49,10,58.078125,57.7109375,-0.2175925925925926,0.3306122448979592
test,0,Nitsan,GraphTunnel,response_time_median,49,10,0.3731168508529662,0.39204949140548706,0.2710083818520633,0.2755102040816326
test,0,Nitsan,GraphTunnel,response_time_std,49,10,0.5990571305276539,0.6648783154051012,0.34198056565815316,0.3510204081632653
test,0,Nitsan,GraphTunnel,response_time_p95,49,10,1.1653414130210868,1.2851054430007927,0.30057325176342603,0.4122448979591837
test,0,Nitsan,GraphTunnel,unique_base_domain_ratio,49,10,0.9375,0.9453125,0.5,0.373469387755102
test,0,Nitsan,GraphTunnel,top_base_domain_share,49,10,0.0234375,0.0234375,,0.03877551020408163
test,0,Nitsan,GraphTunnel,unique_subdomain_ratio,49,10,0.109375,0.1015625,-1.0,0.3551020408163265
test,0,Nitsan,GraphTunnel,repeated_query_ratio,49,10,0.0078125,0.0078125,,0.04081632653061224
test,0,Nitsan,GraphTunnel,iat_mean,49,10,0.0301104267751138,0.03094000422109765,0.38998483821544333,0.3306122448979592
test,0,Nitsan,GraphTunnel,iat_std,49,10,0.0304269067247591,0.031124006766685502,0.19721080318453105,0.3510204081632653
test,0,Nitsan,GraphTunnel,iat_median,49,10,0.0192821025848388,0.01920890808105465,-0.02730102267673561,0.24693877551020407
test,0,Nitsan,GraphTunnel,iat_p95,49,10,0.0898438930511474,0.0911670923233032,0.17738790799954363,0.38979591836734695
test,0,Nitsan,GraphTunnel,iat_cv,49,10,1.00927396630913,1.0015714404819263,-0.23324884471396565,0.4306122448979592
test,0,Nitsan,GraphTunnel,qtype_a_ratio,49,10,1.0,1.0,,0.02040816326530612
test,0,Nitsan,GraphTunnel,qtype_cname_ratio,49,10,0.0,0.0,,0.0
test,0,Nitsan,GraphTunnel,qtype_txt_ratio,49,10,0.0,0.0,,0.0
test,0,Nitsan,GraphTunnel,qtype_mx_ratio,49,10,0.0,0.0,,0.0
test,0,Nitsan,GraphTunnel,qtype_other_ratio,49,10,0.0,0.0,,0.0
test,0,Nitsan,GraphTunnel,rcode_servfail_ratio,49,10,0.0078125,0.0078125,0.0,0.1673469387755102
test,1,Itamar,Domainator,query_name_len_mean,81,5,41.625,34.171875,-0.21398030062997714,0.2345679012345679
test,1,Itamar,Domainator,query_name_len_std,81,5,20.276253868849942,6.205749119400796,-0.2618518970040305,0.31851851851851853
test,1,Itamar,Domainator,query_name_len_p95,81,5,79.0,64.29999999999998,-0.09147479775980097,0.3333333333333333
test,1,Itamar,Domainator,subdomain_len_mean,81,5,27.1484375,18.9609375,-0.2366370013937228,0.2814814814814815
test,1,Itamar,Domainator,subdomain_len_std,81,5,20.090755017650565,5.287936815779489,-0.27096539336410813,0.3308641975308642
test,1,Itamar,Domainator,subdomain_len_p95,81,5,60.89999999999998,45.0,-0.10063291139240492,0.3333333333333333
test,1,Itamar,Domainator,num_labels_mean,81,5,3.48938679245283,4.3203125,0.6201661257494913,0.47901234567901235
test,1,Itamar,Domainator,num_labels_std,81,5,0.6584783595532961,0.8781577804043244,0.23313099575810156,0.28888888888888886
test,1,Itamar,Domainator,num_labels_p95,81,5,5.0,6.0,0.5,0.32839506172839505
test,1,Itamar,Domainator,max_label_len_mean,81,5,21.46875,19.3125,-0.09782295271049597,0.2
test,1,Itamar,Domainator,max_label_len_p95,81,5,58.0,45.0,-0.2900167317345232,0.16049382716049382
test,1,Itamar,Domainator,query_entropy_mean,81,5,3.7815626690732227,3.5603153952205884,-0.6025200823315419,0.37777777777777777
test,1,Itamar,Domainator,query_entropy_p95,81,5,4.200339917986916,4.0734082,-0.1885257920555478,0.22962962962962963
test,1,Itamar,Domainator,high_query_entropy_ratio,81,5,0.17578125,0.25,0.13756388415672913,0.30864197530864196
test,1,Itamar,Domainator,longest_subdomain_entropy_mean,81,5,2.893413203125,2.2655789804687503,-0.7224274524586447,0.37777777777777777
test,1,Itamar,Domainator,longest_subdomain_entropy_p95,81,5,3.76215725,3.62146,-0.14210180339246875,0.2641975308641975
test,1,Itamar,Domainator,high_subdomain_entropy_ratio,81,5,0.203125,0.15625,-0.0975609756097561,0.2271604938271605
test,1,Itamar,Domainator,long_consonant_count_mean,81,5,0.59375,0.1858407079646017,-0.3295561936335118,0.32839506172839505
test,1,Itamar,Domainator,long_consonant_positive_ratio,81,5,0.3515625,0.1592920353982301,-0.5127212389380531,0.34074074074074073
test,1,Itamar,Domainator,transaction_bytes_mean,81,5,390.390625,187.0859375,-0.5381074649298597,0.528395061728395
test,1,Itamar,Domainator,transaction_bytes_std,81,5,81.34954862723481,63.10902489689965,-0.14433752078269452,0.31851851851851853
test,1,Itamar,Domainator,transaction_bytes_p95,81,5,544.0,286.0,-0.7350427350427351,0.5037037037037037
test,1,Itamar,Domainator,request_payload_mean,81,5,66.0,52.171875,-0.3892934951758481,0.254320987654321
test,1,Itamar,Domainator,response_payload_mean,76,3,255.0170110887097,91.29473684210528,-0.4949730368335135,0.45614035087719296
test,1,Itamar,Domainator,response_time_median,76,3,0.002267777875,0.0021973845,-0.00031392256379951056,0.47368421052631576
test,1,Itamar,Domainator,response_time_std,76,3,0.00374586554940295,0.0158215623290493,0.0831061949595816,0.3684210526315789
test,1,Itamar,Domainator,response_time_p95,76,3,0.007749707624999949,0.04290050275,0.08014240349625655,0.40789473684210525
test,1,Itamar,Domainator,unique_base_domain_ratio,81,5,0.0078125,0.0234375,0.32727272727272766,0.3802469135802469
test,1,Itamar,Domainator,top_base_domain_share,81,5,1.0,0.71484375,-0.7457932692307693,0.291358024691358
test,1,Itamar,Domainator,unique_subdomain_ratio,81,5,0.5078125,0.3515625,-0.25337837837837834,0.3654320987654321
test,1,Itamar,Domainator,repeated_query_ratio,81,5,0.4921875,0.546875,0.10065670289855073,0.3530864197530864
test,1,Itamar,Domainator,iat_mean,81,5,0.250127550185196,0.9534007470438799,0.5572698822702807,0.3160493827160494
test,1,Itamar,Domainator,iat_std,81,5,0.20465775073957165,1.7495404526392686,0.7703625267830105,0.3160493827160494
test,1,Itamar,Domainator,iat_median,81,5,0.0067269802093505,0.0014257431030273,-0.021880083170884905,0.2641975308641975
test,1,Itamar,Domainator,iat_p95,81,5,0.5046981811523438,4.003639352321624,0.8870152225598982,0.3654320987654321
test,1,Itamar,Domainator,iat_cv,81,5,1.198100130957406,1.0233652353577507,-0.10733931199016308,0.31851851851851853
test,1,Itamar,Domainator,qtype_a_ratio,81,5,0.0,0.1328125,0.918918918918919,0.528395061728395
test,1,Itamar,Domainator,qtype_cname_ratio,81,5,0.0,0.0,0.0,0.2222222222222222
test,1,Itamar,Domainator,qtype_txt_ratio,81,5,0.0,0.0,0.0,0.4074074074074074
test,1,Itamar,Domainator,qtype_mx_ratio,81,5,0.0,0.0,0.0,0.18518518518518517
test,1,Itamar,Domainator,qtype_other_ratio,81,5,0.0,0.0625,0.10190217391304349,0.20987654320987653
test,1,Itamar,Domainator,rcode_servfail_ratio,81,5,0.0,0.0,,0.037037037037037035
test,1,Nitsan,GraphTunnel,query_name_len_mean,81,4,41.625,107.97265625,1.904850841823984,0.36419753086419754
test,1,Nitsan,GraphTunnel,query_name_len_std,81,4,20.276253868849942,9.238079051709626,-0.20542027928624704,0.31790123456790126
test,1,Nitsan,GraphTunnel,query_name_len_p95,81,4,79.0,147.5,0.4262601120099564,0.3888888888888889
test,1,Nitsan,GraphTunnel,subdomain_len_mean,81,4,27.1484375,97.97265625,2.0469778016553377,0.3765432098765432
test,1,Nitsan,GraphTunnel,subdomain_len_std,81,4,20.090755017650565,9.238079051709626,-0.19865809145671223,0.31790123456790126
test,1,Nitsan,GraphTunnel,subdomain_len_p95,81,4,60.89999999999998,137.5,0.4848101265822786,0.3888888888888889
test,1,Nitsan,GraphTunnel,num_labels_mean,81,4,3.48938679245283,5.2109375,1.2848891578194621,0.5802469135802469
test,1,Nitsan,GraphTunnel,num_labels_std,81,4,0.6584783595532961,0.1849392446252205,-0.5025352168442576,0.42901234567901236
test,1,Nitsan,GraphTunnel,num_labels_p95,81,4,5.0,6.0,0.5,0.3888888888888889
test,1,Nitsan,GraphTunnel,max_label_len_mean,81,4,21.46875,32.892578125,0.5182667123221838,0.36419753086419754
test,1,Nitsan,GraphTunnel,max_label_len_p95,81,4,58.0,48.5,-0.21193530395984386,0.32098765432098764
test,1,Nitsan,GraphTunnel,query_entropy_mean,81,4,3.7815626690732227,3.974490738061082,0.5253987268925902,0.4567901234567901
test,1,Nitsan,GraphTunnel,query_entropy_p95,81,4,4.200339917986916,4.574698874160459,0.5560179901841414,0.41358024691358025
test,1,Nitsan,GraphTunnel,high_query_entropy_ratio,81,4,0.17578125,0.53125,0.6588586030664395,0.30246913580246915
test,1,Nitsan,GraphTunnel,longest_subdomain_entropy_mean,81,4,2.893413203125,3.4837436863233346,0.6792731770519521,0.5802469135802469
test,1,Nitsan,GraphTunnel,longest_subdomain_entropy_p95,81,4,3.76215725,4.203175924894129,0.4454212788964432,0.3888888888888889
test,1,Nitsan,GraphTunnel,high_subdomain_entropy_ratio,81,4,0.203125,0.5390625,0.6991869918699187,0.3765432098765432
test,1,Nitsan,GraphTunnel,long_consonant_count_mean,81,4,0.59375,1.20703125,0.49547935858068914,0.48148148148148145
test,1,Nitsan,GraphTunnel,long_consonant_positive_ratio,81,4,0.3515625,0.4140625,0.16666666666666666,0.25925925925925924
test,1,Nitsan,GraphTunnel,transaction_bytes_mean,81,4,390.390625,519.48046875,0.34167539087609183,0.5432098765432098
test,1,Nitsan,GraphTunnel,transaction_bytes_std,81,4,81.34954862723481,118.34442953218078,0.2927410128356458,0.30246913580246915
test,1,Nitsan,GraphTunnel,transaction_bytes_p95,81,4,544.0,610.5,0.18945868945868946,0.5432098765432098
test,1,Nitsan,GraphTunnel,request_payload_mean,81,4,66.0,133.837890625,1.9097925095964312,0.36419753086419754
test,1,Nitsan,GraphTunnel,response_payload_mean,76,4,255.0170110887097,334.421875,0.2400605953611616,0.5
test,1,Nitsan,GraphTunnel,response_time_median,76,4,0.002267777875,0.2308544218540191,1.0193928807678228,0.618421052631579
test,1,Nitsan,GraphTunnel,response_time_std,76,4,0.00374586554940295,0.06090201009231248,0.39335450187249366,0.5
test,1,Nitsan,GraphTunnel,response_time_p95,76,4,0.007749707624999949,0.2948967158794402,0.654683665516947,0.6052631578947368
test,1,Nitsan,GraphTunnel,unique_base_domain_ratio,81,4,0.0078125,0.0078125,0.0,0.4691358024691358
test,1,Nitsan,GraphTunnel,top_base_domain_share,81,4,1.0,1.0,0.0,0.345679012345679
test,1,Nitsan,GraphTunnel,unique_subdomain_ratio,81,4,0.5078125,1.0,0.7981418918918919,0.691358024691358
test,1,Nitsan,GraphTunnel,repeated_query_ratio,81,4,0.4921875,0.0,-0.9059103260869567,0.691358024691358
test,1,Nitsan,GraphTunnel,iat_mean,81,4,0.250127550185196,0.2538867597504863,0.0029787773531479945,0.4074074074074074
test,1,Nitsan,GraphTunnel,iat_std,81,4,0.20465775073957165,0.10357902619088635,-0.05040334877954038,0.4691358024691358
test,1,Nitsan,GraphTunnel,iat_median,81,4,0.0067269802093505,0.23423594236373896,0.9390100676919689,0.5925925925925926
test,1,Nitsan,GraphTunnel,iat_p95,81,4,0.5046981811523438,0.3942106127738948,-0.02800966071188923,0.41975308641975306
test,1,Nitsan,GraphTunnel,iat_cv,81,4,1.198100130957406,0.48522983738577835,-0.4379148571761017,0.7160493827160493
test,1,Nitsan,GraphTunnel,qtype_a_ratio,81,4,0.0,0.5,3.4594594594594597,0.47530864197530864
test,1,Nitsan,GraphTunnel,qtype_cname_ratio,81,4,0.0,0.0,0.0,0.17592592592592593
test,1,Nitsan,GraphTunnel,qtype_txt_ratio,81,4,0.0,0.0,0.0,0.49382716049382713
test,1,Nitsan,GraphTunnel,qtype_mx_ratio,81,4,0.0,0.0,0.0,0.2716049382716049
test,1,Nitsan,GraphTunnel,qtype_other_ratio,81,4,0.0,0.0,0.0,0.20679012345679013
test,1,Nitsan,GraphTunnel,rcode_servfail_ratio,81,4,0.0,0.0,,0.037037037037037035
test,1,dns-tunnel-dataset-master - origin - Rotem,DACA,query_name_len_mean,81,6,41.625,42.217878804640605,0.017021636542274315,0.2839506172839506
test,1,dns-tunnel-dataset-master - origin - Rotem,DACA,query_name_len_std,81,6,20.276253868849942,29.058885400163586,0.16344465021782,0.2716049382716049
test,1,dns-tunnel-dataset-master - origin - Rotem,DACA,query_name_len_p95,81,6,79.0,92.0,0.08089607965152457,0.32098765432098764
test,1,dns-tunnel-dataset-master - origin - Rotem,DACA,subdomain_len_mean,81,6,27.1484375,27.850691304640602,0.020296700402746292,0.2839506172839506
test,1,dns-tunnel-dataset-master - origin - Rotem,DACA,subdomain_len_std,81,6,20.090755017650565,29.058885400163586,0.16416150922741804,0.2716049382716049
test,1,dns-tunnel-dataset-master - origin - Rotem,DACA,subdomain_len_p95,81,6,60.89999999999998,77.0,0.10189873417721533,0.32098765432098764
test,1,dns-tunnel-dataset-master - origin - Rotem,DACA,num_labels_mean,81,6,3.48938679245283,3.1433462078651684,-0.25826935759312364,0.5
test,1,dns-tunnel-dataset-master - origin - Rotem,DACA,num_labels_std,81,6,0.6584783595532961,0.4379443630471947,-0.2340378994300343,0.345679012345679
test,1,dns-tunnel-dataset-master - origin - Rotem,DACA,num_labels_p95,81,6,5.0,4.0,-0.5,0.5802469135802469
test,1,dns-tunnel-dataset-master - origin - Rotem,DACA,max_label_len_mean,81,6,21.46875,15.75934385581807,-0.25901957901325173,0.2839506172839506
test,1,dns-tunnel-dataset-master - origin - Rotem,DACA,max_label_len_p95,81,6,58.0,40.5,-0.39040713887339656,0.25925925925925924
test,1,dns-tunnel-dataset-master - origin - Rotem,DACA,query_entropy_mean,81,6,3.7815626690732227,3.7805327065212433,-0.002804884827780423,0.24074074074074073
test,1,dns-tunnel-dataset-master - origin - Rotem,DACA,query_entropy_p95,81,6,4.200339917986916,4.262346425,0.09209538823420306,0.2962962962962963
test,1,dns-tunnel-dataset-master - origin - Rotem,DACA,high_query_entropy_ratio,81,6,0.17578125,0.1783229880136986,0.004711091923175624,0.2037037037037037
test,1,dns-tunnel-dataset-master - origin - Rotem,DACA,longest_subdomain_entropy_mean,81,6,2.893413203125,3.0276746577045293,0.15449008208714232,0.32098765432098764
test,1,dns-tunnel-dataset-master - origin - Rotem,DACA,longest_subdomain_entropy_p95,81,6,3.76215725,3.789487985,0.02760357243330391,0.32098765432098764
test,1,dns-tunnel-dataset-master - origin - Rotem,DACA,high_subdomain_entropy_ratio,81,6,0.203125,0.12304296694628288,-0.1666748005020454,0.25925925925925924
test,1,dns-tunnel-dataset-master - origin - Rotem,DACA,long_consonant_count_mean,81,6,0.59375,0.21875,-0.30296827021494366,0.37037037037037035
test,1,dns-tunnel-dataset-master - origin - Rotem,DACA,long_consonant_positive_ratio,81,6,0.3515625,0.21875,-0.3541666666666667,0.32098765432098764
test,1,dns-tunnel-dataset-master - origin - Rotem,DACA,transaction_bytes_mean,81,6,390.390625,465.6640625,0.19923396320943776,0.38271604938271603
test,1,dns-tunnel-dataset-master - origin - Rotem,DACA,transaction_bytes_std,81,6,81.34954862723481,75.17673225067048,-0.04884558279203201,0.2839506172839506
test,1,dns-tunnel-dataset-master - origin - Rotem,DACA,transaction_bytes_p95,81,6,544.0,555.5,0.03276353276353276,0.4074074074074074
test,1,dns-tunnel-dataset-master - origin - Rotem,DACA,request_payload_mean,81,6,66.0,65.52187938904494,-0.013460193898616553,0.2962962962962963
test,1,dns-tunnel-dataset-master - origin - Rotem,DACA,response_payload_mean,76,6,255.0170110887097,313.3125,0.17624171978367337,0.2850877192982456
test,1,dns-tunnel-dataset-master - origin - Rotem,DACA,response_time_median,76,6,0.002267777875,0.00198882999999995,-0.0012439811571250989,0.42105263157894735
test,1,dns-tunnel-dataset-master - origin - Rotem,DACA,response_time_std,76,6,0.00374586554940295,0.00067153395808835,-0.021157868176089993,0.39473684210526316
test,1,dns-tunnel-dataset-master - origin - Rotem,DACA,response_time_p95,76,6,0.007749707624999949,0.00300961874999995,-0.010807212578761436,0.4605263157894737
test,1,dns-tunnel-dataset-master - origin - Rotem,DACA,unique_base_domain_ratio,81,6,0.0078125,0.0078125,0.0,0.3950617283950617
test,1,dns-tunnel-dataset-master - origin - Rotem,DACA,top_base_domain_share,81,6,1.0,1.0,0.0,0.345679012345679
test,1,dns-tunnel-dataset-master - origin - Rotem,DACA,unique_subdomain_ratio,81,6,0.5078125,0.5,-0.012668918918918918,0.38271604938271603
test,1,dns-tunnel-dataset-master - origin - Rotem,DACA,repeated_query_ratio,81,6,0.4921875,0.5,0.014379528985507248,0.38271604938271603
test,1,dns-tunnel-dataset-master - origin - Rotem,DACA,iat_mean,81,6,0.250127550185196,0.014972158304349599,-0.18633586227087975,0.7283950617283951
test,1,dns-tunnel-dataset-master - origin - Rotem,DACA,iat_std,81,6,0.20465775073957165,0.01513268088981715,-0.0945075063101217,0.5555555555555556
test,1,dns-tunnel-dataset-master - origin - Rotem,DACA,iat_median,81,6,0.0067269802093505,0.000547230243682825,-0.025506016899867055,0.6604938271604939
test,1,dns-tunnel-dataset-master - origin - Rotem,DACA,iat_p95,81,6,0.5046981811523438,0.031795489788055346,-0.11988537832131928,0.5432098765432098
test,1,dns-tunnel-dataset-master - origin - Rotem,DACA,iat_cv,81,6,1.198100130957406,1.2662185951163032,0.04184504217975471,0.2962962962962963
test,1,dns-tunnel-dataset-master - origin - Rotem,DACA,qtype_a_ratio,81,6,0.0,0.0,0.0,0.32098765432098764
test,1,dns-tunnel-dataset-master - origin - Rotem,DACA,qtype_cname_ratio,81,6,0.0,0.0,0.0,0.18518518518518517
test,1,dns-tunnel-dataset-master - origin - Rotem,DACA,qtype_txt_ratio,81,6,0.0,0.1640625,0.47707193941943626,0.17901234567901234
test,1,dns-tunnel-dataset-master - origin - Rotem,DACA,qtype_mx_ratio,81,6,0.0,0.0,0.0,0.1111111111111111
test,1,dns-tunnel-dataset-master - origin - Rotem,DACA,qtype_other_ratio,81,6,0.0,0.0,0.0,0.29012345679012347
test,1,dns-tunnel-dataset-master - origin - Rotem,DACA,rcode_servfail_ratio,81,6,0.0,0.0,,0.12962962962962962
external_test,1,Itamar,Domainator,query_name_len_mean,81,38,41.625,49.03249678249678,0.2126703078821634,0.2079272254710851
external_test,1,Itamar,Domainator,query_name_len_std,81,38,20.276253868849942,6.072484558783208,-0.2643319486171391,0.21507472384665366
external_test,1,Itamar,Domainator,query_name_len_p95,81,38,79.0,54.412499999999994,-0.15300248911014314,0.1682910981156595
external_test,1,Itamar,Domainator,subdomain_len_mean,81,38,27.1484375,31.032496782496782,0.11225797152311365,0.19558154645873943
external_test,1,Itamar,Domainator,subdomain_len_std,81,38,20.090755017650565,3.8494173891746084,-0.2972974726328134,0.20532813515269654
external_test,1,Itamar,Domainator,subdomain_len_p95,81,38,60.89999999999998,35.25,-0.1623417721518986,0.1806367771280052
external_test,1,Itamar,Domainator,num_labels_mean,81,38,3.48938679245283,4.313401875901876,0.6150083421660518,0.21182586094866795
external_test,1,Itamar,Domainator,num_labels_std,81,38,0.6584783595532961,0.44329502692193457,-0.228359599695573,0.19623131903833657
external_test,1,Itamar,Domainator,num_labels_p95,81,38,5.0,5.0,0.0,0.17576348278102663
external_test,1,Itamar,Domainator,max_label_len_mean,81,38,21.46875,27.443940033783782,0.2710774409790413,0.28037686809616635
external_test,1,Itamar,Domainator,max_label_len_p95,81,38,58.0,35.2375,-0.507808142777468,0.16049382716049382
external_test,1,Itamar,Domainator,query_entropy_mean,81,38,3.7815626690732227,4.109585640625,0.8933010761418734,0.3304093567251462
external_test,1,Itamar,Domainator,query_entropy_p95,81,38,4.200339917986916,4.367908625,0.24888202660758132,0.2365172189733593
external_test,1,Itamar,Domainator,high_query_entropy_ratio,81,38,0.17578125,0.4722339527027027,0.5494728118237487,0.2842755035737492
external_test,1,Itamar,Domainator,longest_subdomain_entropy_mean,81,38,2.893413203125,3.3975863682839913,0.5801348861851434,0.3304093567251462
external_test,1,Itamar,Domainator,longest_subdomain_entropy_p95,81,38,3.76215725,3.807764,0.0460620333508259,0.2244964262508122
external_test,1,Itamar,Domainator,high_subdomain_entropy_ratio,81,38,0.203125,0.3671875,0.34146341463414637,0.2686809616634178
external_test,1,Itamar,Domainator,long_consonant_count_mean,81,38,0.59375,1.04296875,0.3629307403616513,0.26120857699805067
external_test,1,Itamar,Domainator,long_consonant_positive_ratio,81,38,0.3515625,0.9174107142857143,1.5089285714285714,0.4415204678362573
external_test,1,Itamar,Domainator,transaction_bytes_mean,81,38,390.390625,349.5157180059524,-0.10818782809329344,0.1861598440545809
external_test,1,Itamar,Domainator,transaction_bytes_std,81,38,81.34954862723481,52.96639403951036,-0.22459630138639844,0.25048732943469787
external_test,1,Itamar,Domainator,transaction_bytes_p95,81,38,544.0,442.0,-0.2905982905982906,0.27680311890838205
external_test,1,Itamar,Domainator,request_payload_mean,81,38,66.0,70.0,0.11260919182487811,0.1816114359974009
external_test,1,Itamar,Domainator,response_payload_mean,76,38,255.0170110887097,170.26923076923077,-0.25621355666272116,0.2631578947368421
external_test,1,Itamar,Domainator,response_time_median,76,38,0.002267777875,0.002076566124999975,-0.00085271778471481,0.3026315789473684
external_test,1,Itamar,Domainator,response_time_std,76,38,0.00374586554940295,0.0148343921674009,0.0763123877442073,0.15789473684210525
external_test,1,Itamar,Domainator,response_time_p95,76,38,0.007749707624999949,0.0228091211625,0.0343348590507685,0.25
external_test,1,Itamar,Domainator,unique_base_domain_ratio,81,38,0.0078125,0.0118347338935574,0.08424751718869328,0.17316439246263807
external_test,1,Itamar,Domainator,top_base_domain_share,81,38,1.0,1.0,0.0,0.12280701754385964
external_test,1,Itamar,Domainator,unique_subdomain_ratio,81,38,0.5078125,1.0,0.7981418918918919,0.4668615984405458
external_test,1,Itamar,Domainator,repeated_query_ratio,81,38,0.4921875,0.0,-0.9059103260869567,0.4668615984405458
external_test,1,Itamar,Domainator,iat_mean,81,38,0.250127550185196,0.2074339021299736,-0.03383021609766162,0.20337881741390512
external_test,1,Itamar,Domainator,iat_std,81,38,0.20465775073957165,0.3765082778617834,0.08569401815430173,0.19428200129954515
external_test,1,Itamar,Domainator,iat_median,81,38,0.0067269802093505,0.0207499265670776,0.05787766637375159,0.1309291747888239
external_test,1,Itamar,Domainator,iat_p95,81,38,0.5046981811523438,1.0102242231369019,0.12815571131506256,0.2644574398960364
external_test,1,Itamar,Domainator,iat_cv,81,38,1.198100130957406,1.3254063736434003,0.07820398126585953,0.2014294996751137
external_test,1,Itamar,Domainator,qtype_a_ratio,81,38,0.0,0.0,0.0,0.08057179987004548
external_test,1,Itamar,Domainator,qtype_cname_ratio,81,38,0.0,0.0,0.0,0.11241065627030539
external_test,1,Itamar,Domainator,qtype_txt_ratio,81,38,0.0,0.0,0.0,0.18778427550357374
external_test,1,Itamar,Domainator,qtype_mx_ratio,81,38,0.0,0.0,0.0,0.14944769330734242
external_test,1,Itamar,Domainator,qtype_other_ratio,81,38,0.0,0.0,0.0,0.24626380766731643
external_test,1,Itamar,Domainator,rcode_servfail_ratio,81,38,0.0,0.0,,0.037037037037037035
external_test,1,Nitsan,GraphTunnel,query_name_len_mean,81,39,41.625,47.3046875,0.16306465257651298,0.4539411206077873
external_test,1,Nitsan,GraphTunnel,query_name_len_std,81,39,20.276253868849942,18.36625535969431,-0.03554504559737647,0.2962962962962963
external_test,1,Nitsan,GraphTunnel,query_name_len_p95,81,39,79.0,91.0,0.07467330429371499,0.28300094966761635
external_test,1,Nitsan,GraphTunnel,subdomain_len_mean,81,39,27.1484375,37.3046875,0.29353826508763325,0.50332383665717
external_test,1,Nitsan,GraphTunnel,subdomain_len_std,81,39,20.090755017650565,18.33265842004628,-0.03218193519945619,0.2962962962962963
external_test,1,Nitsan,GraphTunnel,subdomain_len_p95,81,39,60.89999999999998,81.0,0.12721518987341787,0.28300094966761635
external_test,1,Nitsan,GraphTunnel,num_labels_mean,81,39,3.48938679245283,4.3125,0.6143352219594037,0.5802469135802469
external_test,1,Nitsan,GraphTunnel,num_labels_std,81,39,0.6584783595532961,0.44259542115375605,-0.22910204424837513,0.31339031339031337
external_test,1,Nitsan,GraphTunnel,num_labels_p95,81,39,5.0,5.0,0.0,0.19658119658119658
external_test,1,Nitsan,GraphTunnel,max_label_len_mean,81,39,21.46875,29.0,0.3416714725105729,0.5137701804368471
external_test,1,Nitsan,GraphTunnel,max_label_len_p95,81,39,58.0,60.0,0.04461795872838818,0.19468186134852802
external_test,1,Nitsan,GraphTunnel,query_entropy_mean,81,39,3.7815626690732227,4.5186561853969,2.0073180492031613,0.6951566951566952
external_test,1,Nitsan,GraphTunnel,query_entropy_p95,81,39,4.200339917986916,4.838761449943038,0.9482178834903231,0.6752136752136753
external_test,1,Nitsan,GraphTunnel,high_query_entropy_ratio,81,39,0.17578125,0.921875,1.3828790459965927,0.560303893637227
external_test,1,Nitsan,GraphTunnel,longest_subdomain_entropy_mean,81,39,2.893413203125,4.043796814123527,1.3237072326636563,0.7198480531813866
external_test,1,Nitsan,GraphTunnel,longest_subdomain_entropy_p95,81,39,3.76215725,4.6823636137773725,0.9293926056549838,0.8110161443494777
external_test,1,Nitsan,GraphTunnel,high_subdomain_entropy_ratio,81,39,0.203125,0.8125,1.2682926829268293,0.5641025641025641
external_test,1,Nitsan,GraphTunnel,long_consonant_count_mean,81,39,0.59375,6.421875,4.7086318662572495,0.8366571699905033
external_test,1,Nitsan,GraphTunnel,long_consonant_positive_ratio,81,39,0.3515625,0.9296875,1.5416666666666667,0.6581196581196581
external_test,1,Nitsan,GraphTunnel,transaction_bytes_mean,81,39,390.390625,367.1015625,-0.06164156142473627,0.3950617283950617
external_test,1,Nitsan,GraphTunnel,transaction_bytes_std,81,39,81.34954862723481,164.9711089198725,0.6616985825109398,0.647673314339981
external_test,1,Nitsan,GraphTunnel,transaction_bytes_p95,81,39,544.0,560.0,0.045584045584045586,0.35802469135802467
external_test,1,Nitsan,GraphTunnel,request_payload_mean,81,39,66.0,76.3046875,0.2901006328457309,0.3808167141500475
external_test,1,Nitsan,GraphTunnel,response_payload_mean,76,39,255.0170110887097,204.6484375,-0.15227668895329316,0.4217273954116059
external_test,1,Nitsan,GraphTunnel,response_time_median,76,39,0.002267777875,0.2161324024200439,0.9537393432720042,0.52834008097166
external_test,1,Nitsan,GraphTunnel,response_time_std,76,39,0.00374586554940295,0.4559550273882196,3.1121502512078063,0.6585695006747638
external_test,1,Nitsan,GraphTunnel,response_time_p95,76,39,0.007749707624999949,0.31819806694984426,0.7078098116781214,0.5921052631578947
external_test,1,Nitsan,GraphTunnel,unique_base_domain_ratio,81,39,0.0078125,0.0078125,0.0,0.22032288698955366
external_test,1,Nitsan,GraphTunnel,top_base_domain_share,81,39,1.0,1.0,0.0,0.15479582146248813
external_test,1,Nitsan,GraphTunnel,unique_subdomain_ratio,81,39,0.5078125,1.0,0.7981418918918919,0.37037037037037035
external_test,1,Nitsan,GraphTunnel,repeated_query_ratio,81,39,0.4921875,0.0,-0.9059103260869567,0.37037037037037035
external_test,1,Nitsan,GraphTunnel,iat_mean,81,39,0.250127550185196,0.1054039874414759,-0.11467816935462474,0.4795821462488129
external_test,1,Nitsan,GraphTunnel,iat_std,81,39,0.20465775073957165,0.004731998372528,-0.09969385220837938,0.4881291547958215
external_test,1,Nitsan,GraphTunnel,iat_median,81,39,0.0067269802093505,0.10534703731536865,0.4070399056898061,0.3333333333333333
external_test,1,Nitsan,GraphTunnel,iat_p95,81,39,0.5046981811523438,0.11148484945297235,-0.09968335958454519,0.46533713200379867
external_test,1,Nitsan,GraphTunnel,iat_cv,81,39,1.198100130957406,0.4918976454756652,-0.4338188354261548,0.3817663817663818
external_test,1,Nitsan,GraphTunnel,qtype_a_ratio,81,39,0.0,0.0,0.0,0.24786324786324787
external_test,1,Nitsan,GraphTunnel,qtype_cname_ratio,81,39,0.0,0.0,0.0,0.15669515669515668
external_test,1,Nitsan,GraphTunnel,qtype_txt_ratio,81,39,0.0,0.0,0.0,0.2630579297245964
external_test,1,Nitsan,GraphTunnel,qtype_mx_ratio,81,39,0.0,0.0,0.0,0.19468186134852802
external_test,1,Nitsan,GraphTunnel,qtype_other_ratio,81,39,0.0,0.0,0.0,0.3798670465337132
external_test,1,Nitsan,GraphTunnel,rcode_servfail_ratio,81,39,0.0,0.0,,0.037037037037037035
