feature,family,definition,unit,availability,train_transformation,missing_value_rule,empirical_status,pooled_scope,pooled_malicious_groups,pooled_benign_groups,pooled_malicious_group_median,pooled_benign_group_median,pooled_cliffs_delta,pooled_delta_ci_low,pooled_delta_ci_high,pooled_effect_magnitude,pooled_mann_whitney_u,pooled_p_value,pooled_p_holm_52,pooled_significant_holm_005,nitsan_scope,nitsan_malicious_groups,nitsan_benign_groups,nitsan_malicious_group_median,nitsan_benign_group_median,nitsan_cliffs_delta,nitsan_delta_ci_low,nitsan_delta_ci_high,nitsan_effect_magnitude,nitsan_mann_whitney_u,nitsan_p_value,nitsan_p_holm_52,nitsan_significant_holm_005,direction_consistent,final_empirical_decision
query_name_len_mean,Lexical structure,Arithmetic mean within the recording-safe window,characters,Available after unified parsing,log1p then robust: (log1p(x) - median_train) / IQR_train,Train median after transform if unavailable,Keep as a correlated behavioral family; regularize/consolidate,Pooled,81,49,41.625,14.234375,0.9994960947341901,0.9969765684051398,1.0,Large,3968.0,1.6161186872734476e-21,7.757369698912549e-20,True,Within Nitsan,16,48,71.98046875,14.23046875,1.0,1.0,1.0,Large,768.0,2.740040179809125e-09,1.0592166594988287e-07,True,True,Retain: group-aware pooled and within-Nitsan evidence
query_name_len_std,Lexical structure,Population standard deviation within the window,characters,Available after unified parsing,log1p then robust: (log1p(x) - median_train) / IQR_train,Train median after transform if unavailable,Keep subject to grouped validation,Pooled,81,49,20.276253868849942,4.471037166010114,0.4381456286218191,0.23300579491055678,0.6175485008818341,Medium,2854.0,2.931845991711654e-05,0.0005017902193269172,True,Within Nitsan,16,48,19.622535184078217,4.4673106871432875,0.5078125,0.125,0.875,Large,579.0,0.0025630088490140542,0.034509257520501865,True,True,Retain: group-aware pooled and within-Nitsan evidence
query_name_len_p95,Lexical structure,95th percentile within the window,characters,Available after unified parsing,log1p then robust: (log1p(x) - median_train) / IQR_train,Train median after transform if unavailable,Keep subject to grouped validation,Pooled,81,49,79.0,22.0,0.9931972789115646,0.9758125472411185,1.0,Large,3955.5,2.35806722449411e-21,1.0847109232672905e-19,True,Within Nitsan,16,48,101.5,22.0,1.0,1.0,1.0,Large,768.0,1.5680663015939518e-09,6.742685096853993e-08,True,True,Retain: group-aware pooled and within-Nitsan evidence
subdomain_len_mean,Lexical structure,Arithmetic mean within the recording-safe window,characters,Available after unified parsing,log1p then robust: (log1p(x) - median_train) / IQR_train,Train median after transform if unavailable,Keep as a correlated behavioral family; regularize/consolidate,Pooled,81,49,27.1484375,0.953125,0.9969765684051398,0.9879062736205595,1.0,Large,3963.0,2.03009256526071e-21,9.541435056725336e-20,True,Within Nitsan,16,48,61.98046875,0.94921875,1.0,1.0,1.0,Large,768.0,2.720736613532793e-09,1.0592166594988287e-07,True,True,Retain: group-aware pooled and within-Nitsan evidence
subdomain_len_std,Lexical structure,Population standard deviation within the window,characters,Available after unified parsing,log1p then robust: (log1p(x) - median_train) / IQR_train,Train median after transform if unavailable,Keep subject to grouped validation,Pooled,81,49,20.090755017650565,2.793064355881144,0.4809775762156715,0.28746535651297556,0.6628999748047366,Large,2939.0,4.487362903212813e-06,9.423462096746907e-05,True,Within Nitsan,16,48,19.622535184078217,2.7848729986236633,0.625,0.25,1.0,Large,624.0,0.0002043761629702212,0.0034743947704937604,True,True,Retain: group-aware pooled and within-Nitsan evidence
subdomain_len_p95,Lexical structure,95th percentile within the window,characters,Available after unified parsing,log1p then robust: (log1p(x) - median_train) / IQR_train,Train median after transform if unavailable,Keep subject to grouped validation,Pooled,81,49,60.89999999999998,7.0,0.9700176366843035,0.9191169060216681,1.0,Large,3909.5,2.1522376474510488e-20,9.25462188403951e-19,True,Within Nitsan,16,48,91.5,7.0,1.0,1.0,1.0,Large,768.0,2.3453537058510264e-09,9.850485564574311e-08,True,True,Retain: group-aware pooled and within-Nitsan evidence
num_labels_mean,Lexical structure,Arithmetic mean within the recording-safe window,labels,Available after unified parsing,log1p then robust: (log1p(x) - median_train) / IQR_train,Train median after transform if unavailable,Keep subject to grouped validation,Pooled,81,49,3.48938679245283,2.15625,0.9763164525069288,0.9365079365079365,1.0,Large,3922.0,1.2223342247565673e-20,5.378270588928896e-19,True,Within Nitsan,16,48,5.498046875,2.15234375,1.0,1.0,1.0,Large,768.0,2.347337604167454e-09,9.850485564574311e-08,True,True,Retain: group-aware pooled and within-Nitsan evidence
num_labels_std,Lexical structure,Population standard deviation within the window,labels,Available after unified parsing,log1p then robust: (log1p(x) - median_train) / IQR_train,Train median after transform if unavailable,Keep subject to grouped validation,Pooled,81,49,0.6584783595532961,0.3772717646140511,0.3650793650793651,0.16398337112622827,0.559095490047871,Medium,2709.0,0.0004922783796957169,0.0063996189360443195,True,Within Nitsan,16,48,0.48129537283251456,0.3772717646140511,0.18098958333333331,-0.2528645833333333,0.625,Small,453.5,0.2842018097530331,1.0,False,True,Retain for ablation: source-sensitive or scope-dependent evidence
num_labels_p95,Lexical structure,95th percentile within the window,labels,Available after unified parsing,log1p then robust: (log1p(x) - median_train) / IQR_train,Train median after transform if unavailable,Keep subject to grouped validation,Pooled,81,49,5.0,3.0,0.8435374149659866,0.7576215671453769,0.9198853615520282,Large,3658.5,1.4802383486215964e-17,5.476881889899907e-16,True,Within Nitsan,16,48,5.5,3.0,1.0,1.0,1.0,Large,768.0,4.859651563858874e-15,2.429825781929437e-13,True,True,Retain: group-aware pooled and within-Nitsan evidence
max_label_len_mean,Lexical structure,Arithmetic mean within the recording-safe window,characters,Available after unified parsing,log1p then robust: (log1p(x) - median_train) / IQR_train,Train median after transform if unavailable,Keep subject to grouped validation,Pooled,81,49,21.46875,9.7421875,0.7379692617787855,0.5948475686570924,0.8644620811287479,Large,3449.0,2.007920369001096e-12,6.023761107003287e-11,True,Within Nitsan,16,48,42.27734375,9.75390625,0.9973958333333334,0.984375,1.0,Large,767.0,3.003089063620326e-09,1.0592166594988287e-07,True,True,Retain: group-aware pooled and within-Nitsan evidence
max_label_len_p95,Lexical structure,95th percentile within the window,characters,Available after unified parsing,log1p then robust: (log1p(x) - median_train) / IQR_train,Train median after transform if unavailable,Keep subject to grouped validation,Pooled,81,49,58.0,17.299999999999983,0.4837490551776266,0.28897707231040565,0.6775006298815822,Large,2944.5,3.7452593945530865e-06,8.23957066801679e-05,True,Within Nitsan,16,48,55.0,17.299999999999983,0.875,0.625,1.0,Large,720.0,1.1843059291555656e-07,3.197626008720027e-06,True,True,Retain: group-aware pooled and within-Nitsan evidence
query_entropy_mean,Encoding / entropy,Arithmetic mean within the recording-safe window,bits/character,Available after unified parsing,robust: (x - median_train) / IQR_train,Train median after transform if unavailable,Keep subject to grouped validation,Pooled,81,49,3.7815626690732227,3.259946382230752,0.8286722096245905,0.7041950113378683,0.9375283446712017,Large,3629.0,2.8342644414454918e-15,9.069646212625574e-14,True,Within Nitsan,16,48,4.146666642526796,3.25981810605899,1.0,1.0,1.0,Large,768.0,2.748024119003735e-09,1.0592166594988287e-07,True,True,Retain: group-aware pooled and within-Nitsan evidence
query_entropy_std,Encoding / entropy,Population standard deviation within the window,bits/character,Available after unified parsing,robust: (x - median_train) / IQR_train,Train median after transform if unavailable,Keep subject to grouped validation,Pooled,81,49,0.3176594368838789,0.338491203436516,-0.07583774250440917,-0.2804358780549257,0.1282690854119424,Negligible,1834.0,0.47114337936662165,0.9422867587332433,False,Within Nitsan,16,48,0.10901936425294674,0.3389668928870525,-0.375,-0.75,0.125,Medium,240.0,0.026088051407498737,0.2087044112599899,False,True,Do not claim as independently justified; supporting/ablation only
query_entropy_p95,Encoding / entropy,95th percentile within the window,bits/character,Available after unified parsing,robust: (x - median_train) / IQR_train,Train median after transform if unavailable,Keep subject to grouped validation,Pooled,81,49,4.200339917986916,3.75,0.8795666414714034,0.7631393298059965,0.9753086419753086,Large,3730.0,5.1282536238147794e-17,1.8461713045733205e-15,True,Within Nitsan,16,48,4.233067246230943,3.75,1.0,1.0,1.0,Large,768.0,2.7218687532039557e-09,1.0592166594988287e-07,True,True,Retain: group-aware pooled and within-Nitsan evidence
high_query_entropy_ratio,Encoding / entropy,Matching transactions divided by window size,bits/character,Available after unified parsing,"clip[0,1]; identity",Train median after transform if unavailable,Keep subject to grouped validation,Pooled,81,49,0.17578125,0.0,0.8871252204585538,0.799445704207609,0.9609536407155456,Large,3745.0,1.2148309941102523e-17,4.616357777618959e-16,True,Within Nitsan,16,48,0.9453125,0.0,0.9713541666666666,0.90234375,1.0,Large,757.0,9.146954599812257e-10,4.207599115913638e-08,True,True,Retain: group-aware pooled and within-Nitsan evidence
longest_subdomain_entropy_mean,Encoding / entropy,Arithmetic mean within the recording-safe window,bits/character,Available after unified parsing,robust: (x - median_train) / IQR_train,Train median after transform if unavailable,Keep subject to grouped validation,Pooled,81,49,2.893413203125,0.2484557378737204,0.9919375157470396,0.9712773998488283,1.0,Large,3953.0,3.2450503222872623e-21,1.4602726450292682e-19,True,Within Nitsan,16,48,3.7570929424491104,0.24818270103106646,1.0,1.0,1.0,Large,768.0,2.7491663725641798e-09,1.0592166594988287e-07,True,True,Retain: group-aware pooled and within-Nitsan evidence
longest_subdomain_entropy_p95,Encoding / entropy,95th percentile within the window,bits/character,Available after unified parsing,robust: (x - median_train) / IQR_train,Train median after transform if unavailable,Keep subject to grouped validation,Pooled,81,49,3.76215725,2.5,0.9435626102292769,0.8755353993449231,0.9934492315444697,Large,3857.0,2.3740779437224514e-19,9.73371956926205e-18,True,Within Nitsan,16,48,3.901050397224929,2.496450229339663,1.0,1.0,1.0,Large,768.0,2.7083107485134443e-09,1.0592166594988287e-07,True,True,Retain: group-aware pooled and within-Nitsan evidence
high_subdomain_entropy_ratio,Encoding / entropy,Matching transactions divided by window size,bits/character,Available after unified parsing,"clip[0,1]; identity",Train median after transform if unavailable,Keep subject to grouped validation,Pooled,81,49,0.203125,0.0,0.8271604938271605,0.7407407407407407,0.9135802469135802,Large,3626.0,5.536119372099905e-17,1.9376417802349667e-15,True,Within Nitsan,16,48,0.95703125,0.0,1.0,1.0,1.0,Large,768.0,5.284770727182447e-15,2.589537656319399e-13,True,True,Retain: group-aware pooled and within-Nitsan evidence
long_consonant_count_mean,Lexical encoding,Arithmetic mean within the recording-safe window,count / unitless,Available after unified parsing,log1p then robust: (log1p(x) - median_train) / IQR_train,Train median after transform if unavailable,Keep subject to grouped validation,Pooled,81,49,0.59375,0.2265625,0.4396573444192493,0.2436255983875031,0.6261211892164272,Medium,2857.0,2.7877234407050957e-05,0.0005017902193269172,True,Within Nitsan,16,48,0.625,0.2265625,0.7317708333333334,0.3619791666666667,1.0,Large,665.0,1.3285202081022052e-05,0.00023913363745839693,True,True,Retain: group-aware pooled and within-Nitsan evidence
long_consonant_positive_ratio,Lexical encoding,Matching transactions divided by window size,"ratio [0,1]",Available after unified parsing,"clip[0,1]; identity",Train median after transform if unavailable,Keep subject to grouped validation,Pooled,81,49,0.3515625,0.1484375,0.5044091710758377,0.3242315444696397,0.674477198286722,Large,2985.5,1.5196801520762446e-06,3.647232364982987e-05,True,Within Nitsan,16,48,0.35546875,0.1484375,0.75,0.3828125,1.0,Large,672.0,7.888023972905571e-06,0.00015776047945811143,True,True,Retain: group-aware pooled and within-Nitsan evidence
transaction_bytes_mean,Transaction volume,Arithmetic mean within the recording-safe window,bytes,Available after unified parsing,log1p then robust: (log1p(x) - median_train) / IQR_train,Train median after transform if unavailable,Keep subject to grouped validation,Pooled,81,49,390.390625,173.890625,0.6084656084656085,0.4371252204585538,0.777790375409423,Large,3192.0,6.6850159757230755e-09,1.8049543134452303e-07,True,Within Nitsan,16,48,552.0625,173.8828125,1.0,1.0,1.0,Large,768.0,2.7434593331708663e-09,1.0592166594988287e-07,True,True,Retain: group-aware pooled and within-Nitsan evidence
transaction_bytes_std,Transaction volume,Population standard deviation within the window,bytes,Available after unified parsing,log1p then robust: (log1p(x) - median_train) / IQR_train,Train median after transform if unavailable,Keep subject to grouped validation,Pooled,81,49,81.34954862723481,26.967894504102,0.4875283446712018,0.2944948349710254,0.6578735197782816,Large,2952.0,3.384702901077138e-06,7.784816672477417e-05,True,Within Nitsan,16,48,152.95749767092164,26.964743688411637,0.625,0.25,1.0,Large,624.0,0.0002044448711833576,0.0034743947704937604,True,True,Retain: group-aware pooled and within-Nitsan evidence
transaction_bytes_p95,Transaction volume,95th percentile within the window,bytes,Available after unified parsing,log1p then robust: (log1p(x) - median_train) / IQR_train,Train median after transform if unavailable,Keep subject to grouped validation,Pooled,81,49,544.0,212.54999999999995,0.6512975560594608,0.4794658604182414,0.8024691358024691,Large,3277.0,5.369225539181289e-10,1.557075406362574e-08,True,Within Nitsan,16,48,634.0,212.52499999999992,1.0,1.0,1.0,Large,768.0,2.6480416487470716e-09,1.0592166594988287e-07,True,True,Retain: group-aware pooled and within-Nitsan evidence
request_payload_mean,Transaction volume,Arithmetic mean within the recording-safe window,bytes,Available after unified parsing,log1p then robust: (log1p(x) - median_train) / IQR_train,Train median after transform if unavailable,Keep as a correlated behavioral family; regularize/consolidate,Pooled,81,49,66.0,32.234375,0.9259259259259259,0.8271604938271605,1.0,Large,3822.0,1.0904856469924276e-18,4.3619425879697104e-17,True,Within Nitsan,16,48,121.365234375,32.23046875,1.0,1.0,1.0,Large,768.0,2.740040179809125e-09,1.0592166594988287e-07,True,True,Retain: group-aware pooled and within-Nitsan evidence
response_payload_mean,Transaction volume,Arithmetic mean within the recording-safe window,bytes,Available after unified parsing,log1p then robust: (log1p(x) - median_train) / IQR_train,Train median after transform if unavailable,Keep subject to grouped validation,Pooled,76,49,255.0170110887097,58.078125,0.8651987110633729,0.7572368421052631,0.9564983888292159,Large,3473.0,3.8029254992403846e-16,1.254965414749327e-14,True,Within Nitsan,16,48,258.80859375,58.05859375,1.0,1.0,1.0,Large,768.0,2.740040179809125e-09,1.0592166594988287e-07,True,True,Retain: group-aware pooled and within-Nitsan evidence
response_missing_ratio,Response / timing,Transactions without a matched response divided by window size,"ratio [0,1]",Partial by source/response pairing,"clip[0,1]; identity",Train median after transform if unavailable,Modify: correlated response-availability family,Pooled,81,49,0.00390625,0.0,0.21617535903250187,0.03728269085411939,0.3890337616528091,Small,2413.5,0.027753512635077332,0.22866597427705931,False,Within Nitsan,16,48,0.0,0.0,0.03906249999999997,-0.307421875,0.39322916666666663,Negligible,399.0,0.8027458882355316,1.0,False,True,Do not claim as independently justified; supporting/ablation only
response_time_median,Response / timing,Median within the window,seconds,Partial by source/response pairing,log1p then robust: (log1p(x) - median_train) / IQR_train,Train median after transform + response-missing indicator,Modify: source-sensitive; source-stratified validation,Pooled,76,49,0.002267777875,0.3731168508529662,-0.6487647690655209,-0.802389903329753,-0.474731471535983,Large,654.0,1.0188186086368829e-09,2.852692104183272e-08,True,Within Nitsan,16,48,0.223212718963623,0.37438142299652094,-0.8723958333333334,-1.0,-0.6223958333333334,Large,49.0,2.1462561996434794e-07,4.936389259180003e-06,True,True,Retain: group-aware pooled and within-Nitsan evidence
response_time_std,Response / timing,Population standard deviation within the window,seconds,Partial by source/response pairing,log1p then robust: (log1p(x) - median_train) / IQR_train,Train median after transform + response-missing indicator,Modify: source-sensitive; source-stratified validation,Pooled,76,49,0.00374586554940295,0.5990571305276539,-0.9715359828141784,-1.0,-0.912983351235231,Large,53.0,5.921325798809627e-20,2.4869568355000435e-18,True,Within Nitsan,16,48,0.11156786042258023,0.5948653114531668,-0.8645833333333333,-1.0,-0.6171223958333337,Large,52.0,2.7510695526221223e-07,6.052353015768669e-06,True,True,Retain: group-aware pooled and within-Nitsan evidence
response_time_p95,Response / timing,95th percentile within the window,seconds,Partial by source/response pairing,log1p then robust: (log1p(x) - median_train) / IQR_train,Train median after transform + response-missing indicator,Modify: source-sensitive; source-stratified validation,Pooled,76,49,0.007749707624999949,1.1653414130210868,-0.9296455424274974,-0.9817400644468314,-0.8624865735767991,Large,131.0,2.1092596979002428e-18,8.226112821810947e-17,True,Within Nitsan,16,48,0.42981614470481866,1.1681696176528922,-0.8828125,-1.0,-0.6328125,Large,45.0,1.535760779465913e-07,3.992978026611374e-06,True,True,Retain: group-aware pooled and within-Nitsan evidence
unique_base_domain_ratio,Domain recurrence,Unique base domains divided by window size,"ratio [0,1]",Available after unified parsing,"clip[0,1]; identity",Train median after transform if unavailable,Keep subject to grouped validation,Pooled,81,49,0.0078125,0.9375,-0.9909297052154195,-1.0,-0.9682539682539681,Large,18.0,5.635387287489034e-22,2.761339770869627e-20,True,Within Nitsan,16,48,0.0078125,0.9375,-1.0,-1.0,-1.0,Large,0.0,1.2656633297031901e-09,5.6954849836643556e-08,True,True,Retain: group-aware pooled and within-Nitsan evidence
top_base_domain_share,Domain recurrence,Maximum base-domain frequency divided by window size,"ratio [0,1]",Available after unified parsing,"clip[0,1]; identity",Train median after transform if unavailable,Keep subject to grouped validation,Pooled,81,49,1.0,0.0234375,0.9899218946837997,0.9667422524565382,1.0,Large,3949.0,2.11563307395575e-23,1.0789728677174325e-21,True,Within Nitsan,16,48,1.0,0.0234375,1.0,1.0,1.0,Large,768.0,5.827077402660436e-13,2.7387263792504046e-11,True,True,Retain: group-aware pooled and within-Nitsan evidence
unique_subdomain_ratio,Domain recurrence,Unique subdomains divided by window size,"ratio [0,1]",Available after unified parsing,"clip[0,1]; identity",Train median after transform if unavailable,Keep subject to grouped validation,Pooled,81,49,0.5078125,0.109375,0.8689846308893927,0.7616528092718569,0.9637251196775006,Large,3709.0,8.49783581257484e-17,2.8892641762754457e-15,True,Within Nitsan,16,48,1.0,0.109375,1.0,1.0,1.0,Large,768.0,1.336508164311912e-09,5.880635922972413e-08,True,True,Retain: group-aware pooled and within-Nitsan evidence
repeated_query_ratio,Domain recurrence,1 - unique normalized query names / window size,"ratio [0,1]",Available after unified parsing,"clip[0,1]; identity",Train median after transform if unavailable,Keep subject to grouped validation,Pooled,81,49,0.4921875,0.0078125,0.43058704963466865,0.2345679012345679,0.6235827664399094,Medium,2839.0,2.4757646683047973e-05,0.00047039528697791146,True,Within Nitsan,16,48,0.0,0.0078125,-0.75,-1.0,-0.375,Large,96.0,7.230431378149268e-09,2.0968250996632878e-07,True,False,Retain for ablation: source-sensitive or scope-dependent evidence
iat_mean,Temporal cadence,Arithmetic mean within the recording-safe window,seconds,Available after unified parsing,log1p then robust: (log1p(x) - median_train) / IQR_train,Train median after transform if unavailable,Modify: source-sensitive; source-stratified validation,Pooled,81,49,0.250127550185196,0.0301104267751138,0.43058704963466865,0.24358780549256742,0.6110355253212395,Medium,2839.0,4.0830442507170304e-05,0.0006532870801147249,True,Within Nitsan,16,48,0.25653610173172836,0.030103690042270398,0.875,0.625,1.0,Large,720.0,1.974034370365086e-07,4.93192373698162e-06,True,True,Retain: group-aware pooled and within-Nitsan evidence
iat_std,Temporal cadence,Population standard deviation within the window,seconds,Available after unified parsing,log1p then robust: (log1p(x) - median_train) / IQR_train,Train median after transform if unavailable,Modify: source-sensitive; source-stratified validation,Pooled,81,49,0.20465775073957165,0.0304269067247591,0.3010833963214915,0.09949609473418997,0.5061728395061728,Small,2582.0,0.0041299268389086985,0.04955912206690438,True,Within Nitsan,16,48,0.12045880891464386,0.03025047731801995,0.8151041666666667,0.546875,0.9869791666666667,Large,697.0,1.265435767594176e-06,2.6574151119477697e-05,True,True,Retain: group-aware pooled and within-Nitsan evidence
iat_median,Temporal cadence,Median within the window,seconds,Available after unified parsing,log1p then robust: (log1p(x) - median_train) / IQR_train,Train median after transform if unavailable,Modify: source-sensitive; source-stratified validation,Pooled,81,49,0.0067269802093505,0.0192821025848388,-0.029478458049886608,-0.24666162761400853,0.1817334341143861,Negligible,1926.0,0.7805207494282662,0.9422867587332433,False,Within Nitsan,16,48,0.2218439579010009,0.0192079544067382,0.875,0.625,1.0,Large,720.0,1.9727694947926482e-07,4.93192373698162e-06,True,False,Retain for ablation: source-sensitive or scope-dependent evidence
iat_p95,Temporal cadence,95th percentile within the window,seconds,Available after unified parsing,log1p then robust: (log1p(x) - median_train) / IQR_train,Train median after transform if unavailable,Modify: source-sensitive; source-stratified validation,Pooled,81,49,0.5046981811523438,0.0898438930511474,0.3882590073066263,0.18361048122952883,0.5747669438145626,Medium,2755.0,0.00021629513479632924,0.0030281318871486092,True,Within Nitsan,16,48,0.38818460702896107,0.0896199703216552,0.9375,0.8489583333333334,0.9921875,Large,744.0,2.4913497057417434e-08,6.975779176076882e-07,True,True,Retain: group-aware pooled and within-Nitsan evidence
iat_cv,Temporal cadence,Inter-arrival-time standard deviation divided by mean,unitless,Available after unified parsing,log1p then robust: (log1p(x) - median_train) / IQR_train,Train median after transform if unavailable,Modify: source-sensitive; source-stratified validation,Pooled,81,49,1.198100130957406,1.00927396630913,0.2451499118165785,0.04255479969765681,0.4522675736961451,Small,2471.0,0.01955358731840884,0.1955358731840884,False,Within Nitsan,16,48,0.47540497311639174,1.0076220305499173,-0.5,-0.875,-0.125,Large,192.0,0.0029869140408446157,0.034509257520501865,True,False,Retain for ablation: source-sensitive or scope-dependent evidence
adjacent_subdomain_jaro_winkler_mean,Sequence similarity,Mean Jaro-Winkler similarity of sampled adjacent subdomains,"ratio [0,1]",Available after unified parsing,"clip[0,1]; identity",Train median after transform if unavailable,Keep subject to grouped validation,Pooled,81,49,0.7761363636363635,0.75,0.11816578483245149,-0.09046359284454523,0.320256991685563,Negligible,2219.0,0.25960537585689686,0.7788161275706906,False,Within Nitsan,16,48,0.6613284108677865,0.75,-0.34114583333333337,-0.7161458333333334,0.09902343749999963,Medium,253.0,0.03822249579313008,0.26755747055191054,False,False,Do not claim as independently justified; supporting/ablation only
qtype_a_ratio,DNS type distribution,Matching transactions divided by window size,"ratio [0,1]",Available after unified parsing,"clip[0,1]; identity",Train median after transform if unavailable,Modify: source-sensitive; use normalized ratios and ablation,Pooled,81,49,0.0,1.0,-0.9712773998488284,-1.0,-0.927689594356261,Large,57.0,2.789917988611766e-23,1.394958994305883e-21,True,Within Nitsan,16,48,0.0,1.0,-0.875,-1.0,-0.6875,Large,48.0,3.7639757333708945e-13,1.8067083520180294e-11,True,True,Retain: group-aware pooled and within-Nitsan evidence
qtype_aaaa_ratio,DNS type distribution,Matching transactions divided by window size,"ratio [0,1]",Available after unified parsing,"clip[0,1]; identity",Train median after transform if unavailable,Modify: source-sensitive; use normalized ratios and ablation,Pooled,81,49,0.0,0.0,0.14890400604686316,0.06424792139077852,0.2348450491307619,Small,2280.0,0.01062903320521609,0.11691936525737699,False,Within Nitsan,16,48,0.0,0.0,0.0,0.0,0.0,Negligible,384.0,,,False,False,Do not claim as independently justified; supporting/ablation only
qtype_cname_ratio,DNS type distribution,Matching transactions divided by window size,"ratio [0,1]",Available after unified parsing,"clip[0,1]; identity",Train median after transform if unavailable,Modify: source-sensitive; use normalized ratios and ablation,Pooled,81,49,0.0,0.0,0.30864197530864196,0.20987654320987653,0.4074074074074074,Small,2597.0,1.911593851180407e-05,0.00038231877023608144,True,Within Nitsan,16,48,0.0,0.0,0.25,0.0625,0.4375,Small,480.0,0.0004137412056689208,0.0062061180850338125,True,True,Retain: group-aware pooled and within-Nitsan evidence
qtype_txt_ratio,DNS type distribution,Matching transactions divided by window size,"ratio [0,1]",Available after unified parsing,"clip[0,1]; identity",Train median after transform if unavailable,Modify: source-sensitive; use normalized ratios and ablation,Pooled,81,49,0.0,0.0,0.49382716049382713,0.38271604938271603,0.6049382716049383,Large,2964.5,8.185161150035601e-09,2.1281418990092564e-07,True,Within Nitsan,16,48,0.0,0.0,0.1875,0.0,0.375,Small,456.0,0.002464946965750133,0.034509257520501865,True,True,Retain: group-aware pooled and within-Nitsan evidence
qtype_mx_ratio,DNS type distribution,Matching transactions divided by window size,"ratio [0,1]",Available after unified parsing,"clip[0,1]; identity",Train median after transform if unavailable,Modify: source-sensitive; use normalized ratios and ablation,Pooled,81,49,0.0,0.0,0.2716049382716049,0.1728395061728395,0.37037037037037035,Small,2523.5,7.470961357395126e-05,0.0011206442036092688,True,Within Nitsan,16,48,0.0,0.0,0.1875,0.0,0.375,Small,456.0,0.002464946965750133,0.034509257520501865,True,True,Retain: group-aware pooled and within-Nitsan evidence
qtype_null_ratio,DNS type distribution,Matching transactions divided by window size,"ratio [0,1]",Available after unified parsing,"clip[0,1]; identity",Train median after transform if unavailable,Modify: source-sensitive; use normalized ratios and ablation,Pooled,81,49,0.0,0.0,0.07407407407407407,0.024691358024691357,0.13580246913580246,Negligible,2131.5,0.05287264056777678,0.31714764120871297,False,Within Nitsan,16,48,0.0,0.0,0.0625,0.0,0.1875,Negligible,408.0,0.08989224043233043,0.5393534425939825,False,True,Do not claim as independently justified; supporting/ablation only
qtype_private_ratio,DNS type distribution,Matching transactions divided by window size,"ratio [0,1]",Available after unified parsing,"clip[0,1]; identity",Train median after transform if unavailable,Modify: source-sensitive; use normalized ratios and ablation,Pooled,81,49,0.0,0.0,0.07407407407407407,0.024691358024691357,0.13580246913580246,Negligible,2131.5,0.05285794020145216,0.31714764120871297,False,Within Nitsan,16,48,0.0,0.0,0.0625,0.0,0.1875,Negligible,408.0,0.08989224043233043,0.5393534425939825,False,True,Do not claim as independently justified; supporting/ablation only
qtype_other_ratio,DNS type distribution,Matching transactions divided by window size,"ratio [0,1]",Available after unified parsing,"clip[0,1]; identity",Train median after transform if unavailable,Modify: source-sensitive; use normalized ratios and ablation,Pooled,81,49,0.0,0.0,0.4567901234567901,0.345679012345679,0.5679012345679012,Medium,2891.0,4.445875097085849e-08,1.1114687742714623e-06,True,Within Nitsan,16,48,0.0,0.0,0.125,0.0,0.3125,Negligible,432.0,0.014547818691298215,0.14547818691298214,False,True,Retain for ablation: source-sensitive or scope-dependent evidence
rcode_noerror_ratio,DNS response distribution,Matching transactions divided by window size,"ratio [0,1]",Partial by source/response pairing,"clip[0,1]; identity",NULL/OTHER ratio retained; remaining missing values use Train median,Modify: correlated response-availability family,Pooled,81,49,0.9921875,0.984375,0.16225749559082894,-0.04487276392038296,0.3726694381456284,Small,2306.5,0.1128531472196101,0.4514125888784404,False,Within Nitsan,16,48,1.0,0.984375,0.3684895833333333,-0.125,0.75,Medium,525.5,0.015533766520100158,0.14547818691298214,False,True,Do not claim as independently justified; supporting/ablation only
rcode_nxdomain_ratio,DNS response distribution,Matching transactions divided by window size,"ratio [0,1]",Partial by source/response pairing,"clip[0,1]; identity",NULL/OTHER ratio retained; remaining missing values use Train median,Modify: correlated response-availability family,Pooled,81,49,0.0,0.0,-0.06122448979591837,-0.14285714285714282,0.0,Negligible,1863.0,0.025407330475228813,0.22866597427705931,False,Within Nitsan,16,48,0.0,0.0,-0.0625,-0.125,0.0,Negligible,360.0,0.31969292181351977,1.0,False,True,Do not claim as independently justified; supporting/ablation only
rcode_servfail_ratio,DNS response distribution,Matching transactions divided by window size,"ratio [0,1]",Partial by source/response pairing,"clip[0,1]; identity",NULL/OTHER ratio retained; remaining missing values use Train median,Modify: correlated response-availability family,Pooled,81,49,0.0,0.0078125,-0.6112370874275636,-0.7603930461073317,-0.4588057445200303,Large,771.5,2.2982313826369803e-14,7.124517286174639e-13,True,Within Nitsan,16,48,0.0,0.0078125,-0.6458333333333334,-0.7708333333333334,-0.5,Large,136.0,9.311008974731465e-06,0.00017690917051989784,True,True,Retain: group-aware pooled and within-Nitsan evidence
rcode_null_ratio,DNS response distribution,Matching transactions divided by window size,"ratio [0,1]",Partial by source/response pairing,"clip[0,1]; identity",NULL/OTHER ratio retained; remaining missing values use Train median,Modify: correlated response-availability family,Pooled,81,49,0.00390625,0.0,0.21617535903250187,0.03247669438145627,0.38701814058956907,Small,2413.5,0.027753512635077332,0.22866597427705931,False,Within Nitsan,16,48,0.0,0.0,0.03906249999999997,-0.29427083333333337,0.37119140624999947,Negligible,399.0,0.8027458882355316,1.0,False,True,Do not claim as independently justified; supporting/ablation only
rcode_other_ratio,DNS response distribution,Matching transactions divided by window size,"ratio [0,1]",Partial by source/response pairing,"clip[0,1]; identity",NULL/OTHER ratio retained; remaining missing values use Train median,Modify: correlated response-availability family,Pooled,81,49,0.0,0.0,0.0,0.0,0.0,Negligible,1984.5,,,False,Within Nitsan,16,48,0.0,0.0,0.0,0.0,0.0,Negligible,384.0,,,False,True,Do not claim as independently justified; supporting/ablation only
