feature,transformation,center,iqr,fit_partition
query_name_len_mean,log1p_robust,2.830912905958675,0.9930993456035409,train_only
query_name_len_std,log1p_robust,1.711978175629005,0.3551179490541796,train_only
query_name_len_p95,log1p_robust,3.258096538021482,0.9753796482441617,train_only
subdomain_len_mean,log1p_robust,1.1714173290414156,2.588037961969236,train_only
subdomain_len_std,log1p_robust,1.340238746206627,0.6404118175711293,train_only
subdomain_len_p95,log1p_robust,2.3978952727983707,1.8325814637483102,train_only
num_labels_mean,log1p_robust,1.211754944767991,0.3073387250013324,train_only
num_labels_std,log1p_robust,0.3097557870426566,0.13561415488353346,train_only
num_labels_p95,log1p_robust,1.3862943611198906,0.2231435513142097,train_only
max_label_len_mean,log1p_robust,2.413399459334336,0.5804942404345912,train_only
max_label_len_p95,log1p_robust,2.9444389791664403,0.7503055943998937,train_only
query_entropy_mean,robust,3.3278098115202024,0.5695460363504914,train_only
query_entropy_std,robust,0.3159811374860002,0.25009019807454985,train_only
query_entropy_p95,robust,3.8331907929234585,0.38718639043805547,train_only
high_query_entropy_ratio,identity_clip_0_1,0.0,1.0,train_only
longest_subdomain_entropy_mean,robust,0.5490055930533997,2.8320110213241287,train_only
longest_subdomain_entropy_p95,robust,2.86992500144231,1.2119840900000005,train_only
high_subdomain_entropy_ratio,identity_clip_0_1,0.0,1.0,train_only
long_consonant_count_mean,log1p_robust,0.22314355131420976,0.2406760300758503,train_only
long_consonant_positive_ratio,identity_clip_0_1,0.0,1.0,train_only
transaction_bytes_mean,log1p_robust,5.1935209278799785,0.9851196667621078,train_only
transaction_bytes_std,log1p_robust,3.3917752634673533,1.0350396533641826,train_only
transaction_bytes_p95,log1p_robust,5.4640436469922955,0.9872099907184548,train_only
request_payload_mean,log1p_robust,3.5513221110728606,0.702519320388808,train_only
response_payload_mean,log1p_robust,4.144621715513111,1.5597457349111838,train_only
response_missing_ratio,identity_clip_0_1,0.0,1.0,train_only
response_time_median,log1p_robust,0.25889049469623016,0.32901636192085587,train_only
response_time_std,log1p_robust,0.27519959551659223,0.4848687316792216,train_only
response_time_p95,log1p_robust,0.6100975001446405,0.7867086654725937,train_only
unique_base_domain_ratio,identity_clip_0_1,0.0,1.0,train_only
top_base_domain_share,identity_clip_0_1,0.0,1.0,train_only
unique_subdomain_ratio,identity_clip_0_1,0.0,1.0,train_only
repeated_query_ratio,identity_clip_0_1,0.0,1.0,train_only
iat_mean,log1p_robust,0.03130813914956414,0.16997763759125395,train_only
iat_std,log1p_robust,0.029738761447985113,0.04664465281318948,train_only
iat_median,log1p_robust,0.022092076577722174,0.10795905584507565,train_only
iat_p95,log1p_robust,0.08840537613294022,0.22036633906411393,train_only
iat_cv,log1p_robust,0.6728270591148008,0.2776334439906878,train_only
adjacent_subdomain_jaro_winkler_mean,log1p_robust,0.5598809704027812,0.10797755738558079,train_only
qtype_a_ratio,identity_clip_0_1,0.0,1.0,train_only
qtype_aaaa_ratio,identity_clip_0_1,0.0,1.0,train_only
qtype_cname_ratio,identity_clip_0_1,0.0,1.0,train_only
qtype_txt_ratio,identity_clip_0_1,0.0,1.0,train_only
qtype_mx_ratio,identity_clip_0_1,0.0,1.0,train_only
qtype_null_ratio,identity_clip_0_1,0.0,1.0,train_only
qtype_private_ratio,identity_clip_0_1,0.0,1.0,train_only
qtype_other_ratio,identity_clip_0_1,0.0,1.0,train_only
rcode_noerror_ratio,identity_clip_0_1,0.0,1.0,train_only
rcode_nxdomain_ratio,identity_clip_0_1,0.0,1.0,train_only
rcode_servfail_ratio,identity_clip_0_1,0.0,1.0,train_only
rcode_null_ratio,identity_clip_0_1,0.0,1.0,train_only
rcode_other_ratio,identity_clip_0_1,0.0,1.0,train_only
