epoch,loss,seconds,n,tn,fp,fn,tp,threshold,recall,accuracy,precision,f1,fpr,specificity,balanced_accuracy,auroc,auprc,mcc
1,0.12920314268235442,17.925821700016968,2350,1173,4,0,1173,0.4343559443950653,1.0,0.9982978723404256,0.9966015293118097,0.9982978723404256,0.0033984706881903144,0.9966015293118097,0.9983007646559048,0.9999608871659926,0.999960309842961,0.9966015293118097
2,0.010626665346042442,10.588736600009724,2350,1176,1,0,1173,0.9839966893196106,1.0,0.9995744680851064,0.9991482112436116,0.9995739241585002,0.0008496176720475786,0.9991503823279524,0.9995751911639762,0.9999971027530364,0.9999970916308941,0.9991492967851924
3,0.005111270597323921,13.892769799975213,2350,1177,0,0,1173,0.98549485206604,1.0,1.0,1.0,1.0,0.0,1.0,1.0,1.0,1.0,1.0
4,0.0015400770873738134,17.133056799997576,2350,1175,2,0,1173,0.9728737473487854,1.0,0.9991489361702127,0.9982978723404256,0.9991482112436116,0.0016992353440951572,0.9983007646559049,0.9991503823279524,0.9999927568825913,0.9999927228357044,0.9982993184971177
5,0.0009450661401713775,19.253171899996232,2350,1176,1,0,1173,0.9882075190544128,1.0,0.9995744680851064,0.9991482112436116,0.9995739241585002,0.0008496176720475786,0.9991503823279524,0.9995751911639762,0.9999978270647774,0.9999978196538821,0.9991492967851924
6,0.0005074617804950885,15.60331530001713,2350,1175,2,0,1173,0.987900972366333,1.0,0.9991489361702127,0.9982978723404256,0.9991482112436116,0.0016992353440951572,0.9983007646559049,0.9991503823279524,0.9999913082591095,0.9999912655292678,0.9982993184971177
7,0.00044193349317182324,20.805467400001362,2350,1175,2,0,1173,0.9882267117500305,1.0,0.9991489361702127,0.9982978723404256,0.9991482112436116,0.0016992353440951572,0.9983007646559049,0.9991503823279524,0.9999920325708503,0.9999920004118641,0.9982993184971177
8,0.0002720621972113683,20.223062600009143,2350,1175,2,0,1173,0.9903427362442017,1.0,0.9991489361702127,0.9982978723404256,0.9991482112436116,0.0016992353440951572,0.9983007646559049,0.9991503823279524,0.9999949298178139,0.9999949149991685,0.9982993184971177
9,0.0002642222915825904,11.834971400036011,2350,1175,2,0,1173,0.9907666444778442,1.0,0.9991489361702127,0.9982978723404256,0.9991482112436116,0.0016992353440951572,0.9983007646559049,0.9991503823279524,0.9999949298178138,0.9999949149991685,0.9982993184971177
10,0.00015191215121369316,14.707518699986394,2350,1175,2,0,1173,0.991187572479248,1.0,0.9991489361702127,0.9982978723404256,0.9991482112436116,0.0016992353440951572,0.9983007646559049,0.9991503823279524,0.9999949298178139,0.9999949149991685,0.9982993184971177
